1500;May;27;A;71.5N;152.4E;320;04m13s
1500;Nov;21;T;76.4S;91.4W;159;00m52s
1501;Apr;17;P;61.9S;1.1W;;
1501;May;17;Pb;63.7N;13.6W;;
1501;Oct;12;P;61.4N;133.9E;;
1502;Apr;7;T;12.6S;104.7E;205;04m49s
1502;Oct;1;A;19.3N;62.8E;306;08m16s
1503;Mar;27;T;21.1N;164.1W;218;05m04s
1503;Sep;20;A;14.1S;38.5E;190;05m27s
1504;Mar;16;P;61.0N;114.0W;;
1504;Sep;8;A;55.3S;102.6W;83;00m32s
1505;Feb;4;P;61.7S;156.9W;;
1505;Jul;30;T;67.9N;55.6W;593;03m25s
1506;Jan;24;A;38.3S;106.1E;325;08m26s
1506;Jul;20;T;30.4N;19.8W;209;05m08s
1507;Jan;13;A;3.0S;68.3E;181;05m42s
1507;Jul;10;H;12.4S;126.0E;40;01m01s
1508;Jan;2;A;52.8N;77.0W;92;00m28s
1508;May;29;P;67.1N;72.8E;;
1508;Jun;28;P;64.5S;10.4E;;
1508;Nov;22;P;67.8S;74.6E;;
1509;May;18;A;64.9N;124.3W;233;03m56s
1509;Nov;12;H;45.8S;23.2E;50;01m06s
1510;May;8;H;13.5N;161.4E;12;00m22s
1510;Nov;1;A;1.5S;108.7W;148;04m54s
1511;Apr;27;T;40.0S;14.7W;286;03m50s
1511;Oct;21;A+;70.7N;98.6W;-;-
1512;Mar;17;P;72.0N;110.2E;;
1512;Apr;16;Pb;70.6S;131.9E;;
1512;Sep;10;P;72.0S;17.4E;;
1513;Mar;7;H;17.6N;1.8W;15;00m24s
1513;Aug;30;T;19.5S;31.9W;80;02m03s
1514;Feb;24;A;28.2S;90.0W;208;05m51s
1514;Aug;20;T;26.5N;119.9E;228;05m38s
1515;Feb;13;P;71.5S;18.9E;;
1515;Jul;11;Pe;68.5S;38.2W;;
1515;Aug;9;P;70.8N;7.1W;;
1516;Jan;4;P;68.1N;117.7E;;
1516;Jun;30;A;33.8S;161.3E;64;01m03s
1516;Dec;23;T;2.2N;27.9W;75;02m05s
1517;Jun;19;A;19.5N;96.1E;164;05m50s
1517;Dec;13;T;38.2S;103.0E;161;03m52s
1518;Jun;8;A;67.0N;73.4E;259;04m13s
1518;Dec;2;T;80.4S;128.7E;125;00m41s
1519;Apr;28;P;62.5S;120.2W;;
1519;May;28;P;64.6N;126.3W;;
1519;Oct;23;P;61.9N;7.4E;;
1520;Apr;17;T;12.6S;12.2W;226;05m15s
1520;Oct;11;A;17.8N;49.4W;329;08m57s
1521;Apr;7;T;22.8N;77.3E;222;05m15s
1521;Sep;30;A;16.2S;73.3W;191;05m30s
1522;Mar;27;T;62.0N;127.7E;347;00m26s
1522;Sep;19;A;53.9S;146.1E;42;00m23s
1523;Feb;15;P;61.2S;77.4E;;
1523;Aug;11;Tn;62.7N;135.9W;-;02m44s
1524;Feb;4;A;35.4S;9.3W;315;08m05s
1524;Jul;30;T;30.8N;130.2W;198;04m40s
1525;Jan;23;A;1.2S;54.8W;163;04m58s
1525;Jul;20;H;9.3S;19.4E;21;00m35s
1526;Jan;13;A;51.0N;148.8E;19;00m07s
1526;Jun;10;Pe;66.1N;34.1W;;
1526;Jul;9;P;63.6S;97.8W;;
1526;Dec;4;P;66.7S;68.9W;;
1527;May;30;A;73.4N;144.6E;255;03m28s
1527;Nov;23;H;48.6S;102.5W;34;00m45s
1528;May;18;H;19.9N;54.6E;29;00m56s
1528;Nov;12;A;4.9S;128.4E;166;05m36s
1529;May;7;T;31.3S;133.1W;276;04m38s
1529;Nov;1;An;61.7N;122.8E;-;08m09s
1530;Mar;29;P;71.7N;24.4W;;
1530;Apr;27;P;69.9S;2.9E;;
1530;Sep;21;P;72.0S;108.9W;;
1531;Mar;18;H;24.3N;122.1W;13;00m21s
1531;Sep;10;T;26.4S;151.0W;81;01m56s
1532;Mar;7;A;21.8S;154.3E;201;05m59s
1532;Aug;30;T;19.3N;0.0E;221;05m40s
1533;Feb;24;P;71.9S;108.5W;;
1533;Aug;20;T;73.7N;178.3E;678;02m40s
1534;Jan;14;P;69.1N;19.7W;;
1534;Jul;11;A;44.9S;52.5E;144;01m35s
1535;Jan;3;T;3.8N;160.1W;86;02m22s
1535;Jun;30;A;13.5N;0.6W;173;06m19s
1535;Dec;24;T;37.5S;27.4W;161;03m55s
1536;Jun;18;A;61.0N;13.4W;220;04m17s
1536;Dec;13;T;84.5S;17.2W;97;00m33s
1537;May;9;P;63.2S;121.2E;;
1537;Jun;7;P;65.5N;120.2E;;
1537;Nov;2;P;62.6N;120.7W;;
1538;Apr;28;T;13.7S;127.7W;249;05m38s
1538;Oct;22;A;16.6N;164.1W;351;09m41s
1539;Apr;18;T;23.7N;38.7W;225;05m28s
1539;Oct;12;A;18.7S;172.2E;192;05m35s
1540;Apr;7;T;63.1N;34.7E;123;00m42s
1540;Sep;30;A;54.6S;29.2E;27;00m17s
1541;Feb;25;P;61.0S;45.8W;;
1541;Aug;21;P;61.3N;102.0E;;
1541;Sep;19;Pb;61.1S;135.3E;;
1542;Feb;14;A;32.5S;123.8W;305;07m44s
1542;Aug;11;T;30.6N;118.6E;184;04m12s
1543;Feb;3;A;1.0N;177.0W;143;04m14s
1543;Jul;31;H;7.3S;87.0W;3;00m05s
1544;Jan;24;H;49.7N;16.0E;40;00m16s
1544;Jul;19;P;62.8S;153.9E;;
1544;Dec;14;P;65.6S;147.6E;;
1545;Jun;9;A;81.2N;72.0E;303;03m06s
1545;Dec;4;H;50.1S;132.1E;20;00m25s
1546;May;29;H;25.7N;51.0W;46;01m24s
1546;Nov;23;A;7.3S;4.9E;181;06m13s
1547;May;19;T;23.5S;110.7E;270;05m22s
1547;Nov;12;A;55.5N;4.7W;1419;08m59s
1548;Apr;8;P;71.2N;156.5W;;
1548;May;7;P;69.0S;124.2W;;
1548;Oct;1;P;71.7S;122.3E;;
1549;Mar;29;H;31.4N;120.1E;11;00m16s
1549;Sep;21;T;33.2S;88.0E;82;01m49s
1550;Mar;18;A;15.1S;40.8E;194;06m05s
1550;Sep;10;T;12.4N;121.8W;212;05m38s
1551;Mar;7;P;72.2S;126.5E;;
1551;Aug;31;T;65.7N;28.4E;391;02m52s
1552;Jan;25;P;70.0N;156.6W;;
1552;Jul;21;As;62.9S;64.6W;-;02m05s
1553;Jan;14;T;6.3N;68.3E;99;02m41s
1553;Jul;10;A;6.8N;98.5W;185;06m46s
1554;Jan;3;T;35.8S;158.1W;163;04m00s
1554;Jun;29;A;54.0N;104.8W;195;04m22s
1554;Dec;24;T;87.5S;159.2E;75;00m25s
1555;May;20;P;64.0S;3.3E;;
1555;Jun;19;P;66.5N;6.6E;;
1555;Nov;14;P;63.3N;109.4E;;
1556;May;9;T;16.0S;117.8E;274;05m58s
1556;Nov;2;A;15.5N;78.9E;370;10m24s
1557;Apr;28;T;24.0N;153.1W;227;05m42s
1557;Oct;22;A;21.1S;56.0E;192;05m40s
1558;Apr;18;T;64.1N;67.8W;100;00m50s
1558;Oct;11;A;56.5S;90.3W;18;00m12s
1559;Mar;9;P;60.8S;166.6W;;
1559;Sep;1;P;61.1N;25.3W;;
1559;Oct;1;P;61.3S;3.4E;;
1560;Feb;26;A;29.9S;123.5E;294;07m22s
1560;Aug;21;T;29.7N;5.3E;170;03m45s
1561;Feb;14;A;3.4N;62.6E;122;03m30s
1561;Aug;11;A;6.5S;165.5E;16;00m27s
1562;Feb;3;T;48.6N;114.5W;89;00m41s
1562;Jul;31;P;62.2S;45.1E;;
1562;Dec;25;P;64.6S;4.6E;;
1563;Jun;20;A;81.3N;55.3E;454;02m49s
1563;Dec;15;H;50.3S;6.8E;8;00m10s
1564;Jun;8;H2;30.8N;155.4W;60;01m44s
1564;Dec;3;A;8.8S;119.2W;195;06m42s
1565;May;29;T;16.5S;3.7W;266;05m57s
1565;Nov;22;A;51.4N;130.5W;1220;09m37s
1566;Apr;19;P;70.5N;73.9E;;
1566;May;19;P;68.1S;110.7E;;
1566;Oct;13;P;71.1S;8.6W;;
1567;Apr;9;H;38.9N;4.9E;8;00m11s
1567;Oct;2;T;39.7S;34.9W;82;01m42s
1568;Mar;28;A;8.1S;70.5W;187;06m10s
1568;Sep;21;T;5.8N;114.6E;204;05m32s
1569;Mar;17;A-;72.1S;3.1E;-;-
1569;Sep;10;T;57.4N;103.4W;293;02m55s
1570;Feb;5;P;70.9N;66.6E;;
1570;Aug;1;P;70.4S;171.9E;;
1571;Jan;25;T;9.5N;62.8W;113;02m59s
1571;Jul;22;A;0.5S;162.1E;201;07m08s
1572;Jan;15;T;33.0S;71.6E;166;04m07s
1572;Jul;10;A;46.6N;159.7E;177;04m30s
1573;Jan;3;H;85.9S;54.1W;57;00m20s
1573;May;30;P;64.9S;114.6W;;
1573;Jun;29;P;67.5N;108.2W;;
1573;Nov;24;P;64.3N;21.4W;;
1574;May;20;T;19.7S;3.7E;305;06m09s
1574;Nov;13;A;14.8N;40.0W;387;11m03s
1575;May;10;Tm;23.1N;94.6E;227;05m56s
1575;Nov;2;A;23.5S;62.6W;191;05m44s
1576;Apr;28;T;64.8N;168.0W;86;00m55s
1576;Oct;21;A;59.2S;147.9E;11;00m08s
1577;Mar;19;P;60.9S;75.2E;;
1577;Sep;12;P;61.0N;154.4W;;
1577;Oct;11;P;61.6S;130.8W;;
1578;Mar;8;A;27.7S;12.3E;284;07m01s
1578;Sep;1;T;28.4N;109.6W;152;03m17s
1579;Feb;25;A;6.0N;56.4W;100;02m48s
1579;Aug;22;A;6.6S;57.2E;36;01m00s
1580;Feb;15;T;47.9N;117.3E;127;01m07s
1580;Aug;10;P;61.6S;64.7W;;
1581;Jan;5;P;63.7S;137.9W;;
1581;Jun;30;P;64.2N;2.2W;;
1581;Dec;25;A;49.4S;118.5W;3;00m04s
1582;Jun;20;T;35.0N;100.8E;73;01m59s
1582;Dec;25;A;9.4S;116.8E;206;07m02s
1583;Jun;19;T;10.4S;116.9W;262;06m23s
1583;Dec;14;A;48.5N;104.1E;1116;10m03s
1584;May;10;P;69.7N;53.5W;;
1584;Jun;8;P;67.1S;13.3W;;
1584;Nov;2;P;70.4S;141.1W;;
1585;Apr;29;H;46.6N;107.7W;2;00m03s
1585;Oct;22;T;45.7S;159.2W;82;01m35s
1586;Apr;19;A;0.9S;179.1W;181;06m12s
1586;Oct;12;T;0.3S;10.8W;196;05m23s
1587;Apr;8;A;60.5S;151.9W;889;06m26s
1587;Oct;2;T;50.0N;128.3E;235;02m51s
1588;Feb;26;P;71.5N;68.8W;;
1588;Aug;22;P;71.1S;53.5E;;
1589;Feb;15;T;13.6N;167.1E;129;03m17s
1589;Aug;11;A;8.2S;61.4E;221;07m25s
1590;Feb;4;T;29.3S;58.8W;170;04m17s
1590;Jul;31;A;38.8N;61.6E;166;04m38s
1591;Jan;25;H;81.9S;150.6E;45;00m16s
1591;Jun;21;Pe;65.8S;127.7E;;
1591;Jul;20;P;68.5N;136.0E;;
1591;Dec;15;P;65.3N;153.5W;;
1592;Jun;9;T;24.7S;110.3W;344;06m11s
1592;Dec;3;A;14.5N;160.2W;401;11m36s
1593;May;30;T;21.4N;17.0W;227;06m08s
1593;Nov;22;A;25.4S;177.5E;189;05m47s
1594;May;20;T;64.9N;94.1E;76;00m58s
1594;Nov;12;A;62.4S;25.1E;5;00m04s
1595;Apr;9;P;61.1S;40.7W;;
1595;Oct;3;P;61.1N;74.6E;;
1595;Nov;1;P;62.1S;93.1E;;
1596;Mar;28;A;26.3S;96.5W;275;06m42s
1596;Sep;22;T;26.8N;133.0E;134;02m50s
1597;Mar;17;A;8.4N;173.3W;77;02m08s
1597;Sep;11;A;7.6S;52.4W;57;01m35s
1598;Mar;7;T;47.7N;8.2W;156;01m33s
1598;Aug;31;A-;61.2S;175.6W;-;-
1599;Jan;26;P;62.9S;80.9E;;
1599;Jul;22;P;63.4N;111.2W;;
1600;Jan;16;A;47.4S;115.9E;11;00m14s
1600;Jul;10;T;38.2N;2.7W;84;02m08s
1601;Jan;4;A;9.1S;7.0W;214;07m13s
1601;Jun;30;T;5.3S;130.7E;259;06m37s
1601;Dec;24;A;46.6N;21.5W;1051;10m14s
1602;May;21;P;68.8N;178.3W;;
1602;Jun;19;P;66.1S;135.7W;;
1602;Nov;13;P;69.5S;84.8E;;
1603;May;11;A;54.7N;142.6E;6;00m07s
1603;Nov;3;T;51.1S;75.6E;83;01m31s
1604;Apr;29;A;6.3N;74.8E;176;06m12s
1604;Oct;22;T;5.9S;137.8W;188;05m12s
1605;Apr;18;A;49.8S;89.9E;553;06m43s
1605;Oct;12;T;43.4N;0.6E;193;02m43s
1606;Mar;8;P;71.9N;156.4E;;
1606;Sep;2;P;71.7S;66.5W;;
1607;Feb;26;T;18.4N;38.2E;147;03m34s
1607;Aug;22;A;16.1S;41.4W;245;07m34s
1608;Feb;16;T;24.8S;171.7E;175;04m29s
1608;Aug;10;A;31.0N;39.6W;158;04m46s
1609;Feb;4;H;77.3S;7.2E;37;00m15s
1609;Jul;30;P;69.5N;17.9E;;
1609;Dec;26;P;66.3N;73.9E;;
1610;Jun;21;T;31.5S;135.5E;400;05m59s
1610;Dec;15;A;14.7N;78.2E;409;11m56s
1611;Jun;10;T;18.4N;127.6W;224;06m16s
1611;Dec;4;A;26.9S;56.0E;185;05m44s
1612;May;30;T;63.6N;1.9W;65;00m58s
1612;Nov;22;H;65.7S;98.4W;1;00m01s
1613;Apr;20;P;61.5S;154.4W;;
1613;May;19;Pb;63.3N;137.6E;;
1613;Oct;13;P;61.3N;58.2W;;
1613;Nov;12;P;62.7S;44.9W;;
1614;Apr;9;A;25.7S;156.2E;268;06m22s
1614;Oct;3;T;25.2N;13.5E;113;02m22s
1615;Mar;29;A;10.7N;71.7E;53;01m28s
1615;Sep;22;A;9.1S;163.5W;78;02m11s
1616;Mar;17;T;48.0N;131.4W;180;01m58s
1616;Sep;11;A;54.1S;102.3E;807;05m42s
1617;Feb;6;P;62.2S;59.0W;;
1617;Mar;7;Pb;61.2N;48.6W;;
1617;Aug;1;P;62.7N;138.3E;;
1618;Jan;26;A;44.7S;9.7W;18;00m23s
1618;Jul;21;T;40.4N;106.3W;94;02m13s
1619;Jan;15;A;8.1S;130.4W;220;07m16s
1619;Jul;11;T;1.3S;18.6E;255;06m41s
1620;Jan;4;A;45.0N;146.5W;976;10m13s
1620;May;31;P;67.8N;58.5E;;
1620;Jun;30;P;65.1S;102.3E;;
1620;Nov;24;P;68.5S;50.6W;;
1621;May;21;A;63.1N;36.1E;18;00m18s
1621;Nov;13;T;55.8S;49.7W;84;01m28s
1622;May;10;Am;13.5N;28.8W;172;06m07s
1622;Nov;3;T;10.7S;93.7E;180;05m01s
1623;Apr;29;A;39.8S;20.4W;405;06m54s
1623;Oct;23;T;37.8N;128.0W;159;02m31s
1624;Mar;19;P;72.0N;23.5E;;
1624;Apr;17;Pb;71.2S;23.1W;;
1624;Sep;12;P;72.0S;171.5E;;
1624;Oct;12;Pb;71.5N;109.9E;;
1625;Mar;8;T;23.9N;89.4W;166;03m50s
1625;Sep;1;A;24.2S;146.4W;274;07m37s
1626;Feb;26;T;19.7S;42.7E;180;04m42s
1626;Aug;21;A;23.1N;142.9W;154;04m54s
1627;Feb;16;H;72.3S;130.9W;34;00m15s
1627;Aug;11;H;77.7N;173.3W;1;00m00s
1628;Jan;6;P;67.4N;59.2W;;
1628;Jul;1;T;40.3S;20.0E;501;05m32s
1628;Dec;25;A;15.4N;44.0W;413;12m02s
1629;Jun;21;T;14.5N;121.6E;221;06m20s
1629;Dec;14;A;27.6S;66.2W;179;05m38s
1630;Jun;10;H;60.9N;98.3W;54;00m55s
1630;Dec;4;H;68.7S;139.6E;9;00m07s
1631;May;1;P;62.0S;94.2E;;
1631;May;31;P;64.1N;27.6E;;
1631;Oct;25;P;61.7N;167.0E;;
1631;Nov;23;P;63.5S;175.4E;;
1632;Apr;19;A;26.4S;50.8E;267;06m03s
1632;Oct;13;T;23.7N;108.2W;91;01m55s
1633;Apr;8;A;12.4N;41.2W;31;00m51s
1633;Oct;3;Am;11.2S;83.4E;99;02m48s
1634;Mar;29;T;48.7N;108.6E;198;02m24s
1634;Sep;22;A;51.5S;2.3E;572;06m03s
1635;Feb;17;P;61.6S;162.7E;;
1635;Mar;18;P;61.1N;177.7E;;
1635;Aug;12;P;62.1N;26.6E;;
1636;Feb;6;A;41.6S;134.7W;23;00m29s
1636;Aug;1;T;41.5N;148.9E;103;02m15s
1637;Jan;26;A;6.4S;107.0E;223;07m12s
1637;Jul;21;T;1.8N;93.4W;251;06m37s
1638;Jan;15;A;44.0N;88.9E;907;10m00s
1638;Jun;12;Pe;66.8N;62.9W;;
1638;Jul;11;P;64.2S;19.0W;;
1638;Dec;5;P;67.5S;173.0E;;
1639;Jan;4;Pb;64.6N;80.0E;;
1639;Jun;1;A;71.7N;65.3W;38;00m31s
1639;Nov;24;T;59.6S;174.7W;87;01m27s
1640;May;20;A;20.4N;130.2W;171;06m00s
1640;Nov;13;T;14.8S;35.8W;173;04m50s
1641;May;9;A;30.8S;127.3W;321;06m56s
1641;Nov;3;T;33.0N;102.5E;130;02m15s
1642;Mar;30;P;71.9N;108.0W;;
1642;Apr;29;P;70.6S;144.7W;;
1642;Sep;24;P;72.1S;47.6E;;
1642;Oct;23;P;71.0N;22.5W;;
1643;Mar;20;T;30.0N;144.6E;186;04m02s
1643;Sep;13;A;32.3S;106.3E;307;07m35s
1644;Mar;8;T;14.0S;84.7W;186;04m57s
1644;Sep;1;A;15.4N;110.9E;152;05m00s
1645;Feb;26;H;66.7S;94.3E;34;00m17s
1645;Aug;21;H;68.2N;43.7E;28;00m16s
1646;Jan;16;P;68.5N;167.8E;;
1646;Jul;12;T;53.2S;98.0W;834;04m44s
1647;Jan;5;A;16.9N;166.5W;413;11m50s
1647;Jul;2;T;9.6N;11.0E;217;06m15s
1647;Dec;26;A;27.4S;170.6E;170;05m25s
1648;Jun;21;H;56.7N;164.0E;42;00m49s
1648;Dec;14;H;70.9S;19.6E;18;00m14s
1649;May;11;P;62.7S;15.7W;;
1649;Jun;10;P;65.0N;81.5W;;
1649;Nov;4;P;62.2N;30.2E;;
1649;Dec;3;P;64.4S;34.1E;;
1650;Apr;30;A;28.5S;52.9W;274;05m43s
1650;Oct;25;T;22.3N;127.9E;68;01m26s
1651;Apr;19;A;13.7N;152.4W;8;00m14s
1651;Oct;14;A;13.5S;31.3W;120;03m27s
1652;Apr;8;T;49.6N;8.9W;213;02m49s
1652;Oct;2;A;51.2S;102.7W;497;06m19s
1653;Feb;27;P;61.3S;26.0E;;
1653;Mar;29;P;61.2N;45.6E;;
1653;Aug;23;P;61.6N;86.7W;;
1653;Sep;21;Pb;61.0S;149.7W;;
1654;Feb;17;A;38.3S;100.9E;27;00m34s
1654;Aug;12;T;41.7N;42.5E;110;02m16s
1655;Feb;6;A;4.3S;14.0W;224;07m03s
1655;Aug;2;T;3.7N;154.0E;247;06m28s
1656;Jan;26;A;43.2N;34.1W;820;09m38s
1656;Jul;21;T-;63.4S;140.7W;-;-
1656;Dec;15;P;66.4S;36.3E;;
1657;Jan;14;P;63.7N;52.7W;;
1657;Jun;11;A;80.5N;153.7W;73;00m45s
1657;Dec;5;T;62.1S;61.3E;91;01m29s
1658;Jun;1;A;27.0N;131.3E;172;05m49s
1658;Nov;24;T;18.0S;166.4W;167;04m40s
1659;May;21;A;22.2S;129.2E;264;06m51s
1659;Nov;14;T;29.2N;28.2W;106;01m56s
1660;Apr;9;P;71.5N;122.9E;;
1660;May;9;P;69.7S;95.9E;;
1660;Oct;4;P;72.0S;78.2W;;
1660;Nov;3;P;70.3N;156.2W;;
1661;Mar;30;T;36.7N;20.2E;209;04m12s
1661;Sep;23;A;40.3S;3.0W;347;07m29s
1662;Mar;20;T;7.9S;149.1E;191;05m12s
1662;Sep;12;A;7.9N;2.6E;153;05m05s
1663;Mar;9;H;60.5S;37.1W;35;00m21s
1663;Sep;1;H;58.6N;78.9W;38;00m29s
1664;Jan;28;P;69.6N;35.0E;;
1664;Jul;23;P;68.8S;134.7E;;
1664;Aug;21;Pb;71.0N;173.8E;;
1665;Jan;16;A;19.1N;71.2E;409;11m24s
1665;Jul;12;T;3.9N;100.6W;211;06m02s
1666;Jan;5;A;26.3S;47.1E;160;05m07s
1666;Jul;2;H;51.4N;64.4E;29;00m39s
1666;Dec;25;H;71.6S;98.3W;30;00m24s
1667;May;22;Pe;63.5S;124.0W;;
1667;Jun;21;P;65.9N;170.1E;;
1667;Nov;15;P;62.9N;108.2W;;
1667;Dec;15;P;65.3S;108.2W;;
1668;May;10;A;32.3S;155.4W;296;05m21s
1668;Nov;4;H;21.1N;1.8E;45;00m57s
1669;Apr;30;H;14.1N;98.2E;13;00m22s
1669;Oct;24;A;15.9S;147.7W;141;04m07s
1670;Apr;19;T;50.6N;123.3W;225;03m15s
1670;Oct;13;A;52.4S;149.1E;467;06m34s
1671;Mar;11;P;61.0S;108.3W;;
1671;Apr;9;P;61.4N;84.1W;;
1671;Sep;3;P;61.3N;157.8E;;
1671;Oct;2;P;61.0S;92.1E;;
1672;Feb;28;A;35.2S;22.0W;30;00m38s
1672;Aug;22;T;41.2N;66.2W;117;02m15s
1673;Feb;16;A;1.8S;133.5W;223;06m52s
1673;Aug;12;T;4.6N;40.6E;242;06m15s
1674;Feb;5;A;42.8N;155.7W;736;09m09s
1674;Aug;2;T;45.9S;120.8E;498;04m08s
1674;Dec;27;P;65.4S;100.9W;;
1675;Jan;25;P;62.9N;175.1E;;
1675;Jun;23;A;84.1N;166.1W;154;01m01s
1675;Dec;16;T;63.1S;62.0W;97;01m33s
1676;Jun;11;A;33.0N;34.6E;176;05m38s
1676;Dec;5;T;20.2S;62.5E;162;04m30s
1677;May;31;A;14.4S;27.5E;223;06m36s
1677;Nov;24;T;26.3N;159.6W;84;01m36s
1678;Apr;21;P;71.0N;4.5W;;
1678;May;20;P;68.8S;22.1W;;
1678;Oct;15;P;71.6S;154.5E;;
1678;Nov;14;P;69.4N;69.4E;;
1679;Apr;10;T;43.8N;102.2W;233;04m17s
1679;Oct;4;A;48.0S;114.9W;391;07m21s
1680;Mar;30;T;1.5S;24.9E;197;05m25s
1680;Sep;22;A;0.7N;108.2W;153;05m08s
1681;Mar;20;H;53.8S;165.3W;37;00m26s
1681;Sep;12;H;49.8N;161.1E;43;00m40s
1682;Feb;7;P;70.5N;96.8W;;
1682;Aug;3;P;69.7S;9.5E;;
1682;Sep;1;P;71.5N;44.3E;;
1683;Jan;27;A;22.1N;50.6W;401;10m44s
1683;Jul;24;T;2.5S;147.1E;203;05m38s
1684;Jan;16;A;24.2S;76.7W;147;04m43s
1684;Jul;12;H;45.2N;37.1W;16;00m23s
1685;Jan;5;H;70.7S;143.1E;44;00m35s
1685;Jul;1;P;66.9N;62.2E;;
1685;Nov;26;P;63.7N;111.8E;;
1685;Dec;25;P;66.4S;108.3E;;
1686;May;22;A;38.6S;103.3E;353;04m56s
1686;Nov;15;H;20.2N;126.0W;22;00m28s
1687;May;11;H;13.6N;9.9W;33;00m57s
1687;Nov;5;A;18.3S;94.3E;160;04m49s
1688;Apr;30;T;51.4N;124.4E;234;03m40s
1688;Oct;24;A;54.4S;39.2E;453;06m49s
1689;Mar;21;P;61.0S;119.0E;;
1689;Apr;19;P;61.7N;147.5E;;
1689;Sep;13;P;61.1N;40.2E;;
1689;Oct;13;P;61.2S;28.3W;;
1690;Mar;10;A;32.5S;143.0W;33;00m42s
1690;Sep;3;T;40.3N;177.4W;122;02m13s
1691;Feb;28;A;0.8N;109.3E;220;06m40s
1691;Aug;23;T;4.5N;74.3W;236;06m01s
1692;Feb;17;A;42.4N;85.6E;644;08m36s
1692;Aug;12;T;39.8S;8.6E;353;04m10s
1693;Jan;6;P;64.4S;122.2E;;
1693;Feb;5;P;62.2N;44.2E;;
1693;Jul;3;P;64.8N;146.3E;;
1693;Dec;27;T;62.6S;174.3E;105;01m39s
1694;Jun;22;A;38.4N;59.7W;183;05m27s
1694;Dec;16;T;21.3S;69.2W;158;04m22s
1695;Jun;11;A;7.4S;72.2W;193;06m13s
1695;Dec;6;T;24.3N;67.9E;64;01m16s
1696;May;1;P;70.2N;129.8W;;
1696;May;30;P;67.8S;138.7W;;
1696;Oct;26;P;70.9S;25.9E;;
1696;Nov;24;P;68.4N;65.6W;;
1697;Apr;21;T;51.4N;136.9E;262;04m18s
1697;Oct;15;A;55.5S;131.2E;441;07m12s
1698;Apr;10;Tm;5.1N;97.3W;201;05m36s
1698;Oct;4;A;6.2S;138.8E;155;05m10s
1699;Mar;31;H;46.8S;69.7E;38;00m32s
1699;Sep;23;H;41.8N;40.7E;46;00m49s
1700;Feb;18;P;71.2N;132.4E;;
1700;Aug;14;P;70.6S;117.5W;;
1700;Sep;13;P;71.9N;87.6W;;
1701;Feb;7;A;25.9N;171.7W;393;09m55s
1701;Aug;4;T;9.4S;33.7E;193;05m06s
1702;Jan;28;A;21.2S;159.6E;132;04m14s
1702;Jul;24;H;38.4N;140.4W;1;00m01s
1703;Jan;17;H2;67.9S;22.2E;61;00m50s
1703;Jul;14;P;67.9N;46.3W;;
1703;Dec;8;P;64.6N;29.5W;;
1704;Jan;7;P;67.4S;35.5W;;
1704;Jun;2;A;49.1S;3.4E;578;04m26s
1704;Nov;27;A;19.7N;104.9E;1;00m01s
1705;May;22;Hm;12.2N;117.0W;51;01m32s
1705;Nov;16;A;20.4S;25.0W;178;05m31s
1706;May;12;T;51.5N;15.2E;242;04m06s
1706;Nov;5;A;57.0S;72.6W;449;07m02s
1707;Apr;2;P;61.1S;11.1W;;
1707;May;2;P;62.2N;21.4E;;
1707;Sep;25;P;61.1N;80.0W;;
1707;Oct;25;P;61.6S;151.3W;;
1708;Mar;22;A;30.4S;98.3E;37;00m46s
1708;Sep;14;T;39.2N;68.3E;126;02m10s
1709;Mar;11;Am;3.4N;5.9W;216;06m29s
1709;Sep;4;T;3.7N;169.7E;229;05m47s
1710;Feb;28;A;42.5N;31.2W;562;08m00s
1710;Aug;24;T;36.5S;105.1W;282;04m00s
1711;Jan;18;P;63.5S;14.4W;;
1711;Feb;17;P;61.6N;85.4W;;
1711;Jul;15;P;63.9N;34.6E;;
1712;Jan;8;T;60.6S;49.2E;114;01m48s
1712;Jul;3;A;42.8N;152.7W;194;05m18s
1712;Dec;28;T;21.5S;159.0E;155;04m15s
1713;Jun;22;A;1.3S;171.2W;170;05m45s
1713;Dec;17;H;23.1N;64.8W;47;00m56s
1714;May;13;Pe;69.4N;106.9E;;
1714;Jun;12;P;66.8S;105.8E;;
1714;Nov;7;P;70.1S;103.9W;;
1714;Dec;7;P;67.4N;159.0E;;
1715;May;3;T;59.4N;17.9E;295;04m14s
1715;Oct;27;A;62.5S;15.5E;494;07m02s
1716;Apr;22;T;11.8N;142.6E;205;05m43s
1716;Oct;15;A;12.5S;23.5E;157;05m10s
1717;Apr;11;H;39.5S;52.1W;39;00m39s
1717;Oct;4;H;34.6N;81.1W;47;00m56s
1718;Mar;2;P;71.8N;3.2E;;
1718;Aug;26;P;71.2S;113.7E;;
1718;Sep;24;P;72.0N;138.3E;;
1719;Feb;19;A;30.5N;68.6E;384;09m01s
1719;Aug;15;T;16.8S;81.1W;181;04m27s
1720;Feb;8;A;17.4S;36.1E;115;03m40s
1720;Aug;4;A;31.1N;114.8E;16;00m27s
1721;Jan;27;T;64.0S;102.4W;79;01m07s
1721;Jul;24;P;68.9N;155.2W;;
1721;Dec;19;P;65.7N;172.0W;;
1722;Jan;17;P;68.5S;179.9W;;
1722;Jun;13;P;65.2S;93.5W;;
1722;Dec;8;A;19.5N;25.4W;21;00m28s
1723;Jun;3;T;9.6N;136.1E;69;02m05s
1723;Nov;27;A;22.0S;145.2W;195;06m12s
1724;May;22;T;50.8N;92.9W;247;04m33s
1724;Nov;15;A;59.9S;175.0E;448;07m15s
1725;Apr;13;P;61.4S;139.6W;;
1725;May;12;P;62.8N;103.7W;;
1725;Oct;6;P;61.2N;157.7E;;
1725;Nov;4;P;62.1S;83.5E;;
1726;Apr;2;A;29.2S;18.3W;42;00m52s
1726;Sep;25;T;38.0N;49.0W;129;02m07s
1727;Mar;22;A;5.7N;118.0W;211;06m20s
1727;Sep;15;T;2.2N;51.4E;222;05m33s
1728;Mar;10;A;42.8N;144.6W;485;07m25s
1728;Sep;4;T;35.0S;139.6E;236;03m44s
1729;Jan;29;P;62.8S;149.9W;;
1729;Feb;27;P;61.2N;146.6E;;
1729;Jul;26;P;63.1N;76.9W;;
1729;Aug;24;Pb;61.7S;95.2W;;
1730;Jan;18;T;57.8S;77.4W;126;01m59s
1730;Jul;15;A;46.3N;115.9E;210;05m13s
1731;Jan;8;Tm;20.7S;27.0E;155;04m10s
1731;Jul;4;A;3.8N;90.8E;153;05m15s
1731;Dec;29;H;22.7N;162.2E;32;00m39s
1732;Jun;22;P;65.8S;9.3W;;
1732;Nov;17;P;69.2S;125.3E;;
1732;Dec;17;P;66.3N;23.4E;;
1733;May;13;T;67.9N;99.5W;339;04m06s
1733;Nov;6;A;69.0S;101.2W;548;06m53s
1734;May;3;T;18.4N;24.6E;208;05m46s
1734;Oct;26;A;18.2S;93.8W;159;05m08s
1735;Apr;23;H;32.2S;171.0W;38;00m44s
1735;Oct;16;H;28.3N;155.2E;48;01m02s
1736;Mar;12;P;72.1N;124.5W;;
1736;Apr;11;Pb;71.5S;134.3E;;
1736;Sep;5;P;71.7S;17.1W;;
1736;Oct;4;P;71.9N;2.4E;;
1737;Mar;1;A;36.0N;50.1W;378;08m04s
1737;Aug;26;T;24.4S;162.5E;167;03m44s
1738;Feb;18;A;12.8S;86.7W;96;03m03s
1738;Aug;15;A;23.7N;8.4E;33;01m00s
1739;Feb;8;T;59.2S;131.0E;99;01m27s
1739;Aug;4;A;79.9N;42.9E;801;03m59s
1739;Dec;30;P;66.7N;45.1E;;
1740;Jan;28;P;69.5S;36.2E;;
1740;Jun;24;P;66.2S;156.7E;;
1740;Dec;18;A;19.9N;156.4W;40;00m53s
1741;Jun;13;T;6.0N;29.4E;85;02m35s
1741;Dec;8;A;23.0S;93.6E;209;06m51s
1742;Jun;3;T;49.0N;160.2E;251;05m00s
1742;Nov;27;A;62.6S;62.2E;450;07m26s
1743;Apr;24;P;61.8S;94.4E;;
1743;May;23;P;63.5N;132.9E;;
1743;Oct;17;Pe;61.5N;32.5E;;
1743;Nov;16;P;62.8S;44.4W;;
1744;Apr;12;A;29.1S;132.6W;49;00m59s
1744;Oct;6;T;37.0N;169.1W;132;02m04s
1745;Apr;2;A;7.7N;132.2E;205;06m13s
1745;Sep;25;Tm;0.3N;68.6W;214;05m21s
1746;Mar;22;A;43.5N;104.7E;419;06m51s
1746;Sep;15;T;34.9S;23.0E;200;03m23s
1747;Feb;9;P;62.1S;75.5E;;
1747;Mar;11;P;61.0N;20.2E;;
1747;Aug;6;P;62.4N;171.3E;;
1747;Sep;4;P;61.4S;146.1E;;
1748;Jan;30;T;54.4S;154.8E;140;02m12s
1748;Jul;25;A;48.7N;24.5E;231;05m12s
1749;Jan;18;T;19.1S;104.9W;155;04m07s
1749;Jul;14;A;7.8N;7.2W;141;04m46s
1750;Jan;8;H;23.0N;29.3E;20;00m24s
1750;Jul;3;P;64.8S;124.3W;;
1750;Nov;29;P;68.2S;6.2W;;
1750;Dec;28;P;65.3N;111.8W;;
1751;May;25;T;77.0N;144.7E;402;03m53s
1751;Nov;18;A;74.9S;142.8E;597;06m45s
1752;May;13;T;24.9N;91.1W;210;05m42s
1752;Nov;6;A;23.2S;147.4E;159;05m03s
1753;May;3;H;24.9S;73.0E;36;00m48s
1753;Oct;26;H;22.7N;29.7E;49;01m08s
1754;Mar;23;P;72.1N;110.6E;;
1754;Apr;22;P;71.0S;14.0E;;
1754;Sep;16;P;71.9S;149.9W;;
1754;Oct;16;P;71.5N;135.5W;;
1755;Mar;12;A;42.2N;167.4W;375;07m07s
1755;Sep;6;T;32.1S;44.3E;150;03m00s
1756;Mar;1;A;7.5S;151.4E;76;02m24s
1756;Aug;25;Am;16.1N;99.5W;52;01m38s
1757;Feb;18;T;53.8S;2.9E;119;01m51s
1757;Aug;14;A;71.6N;113.5W;467;04m36s
1758;Jan;9;P;67.8N;98.7W;;
1758;Feb;8;P;70.4S;107.8W;;
1758;Jul;5;P;67.2S;46.4E;;
1758;Dec;30;A;20.8N;72.2E;56;01m15s
1759;Jun;24;T;1.4N;78.1W;101;02m59s
1759;Dec;19;A;23.3S;28.0W;221;07m25s
1760;Jun;13;T;46.0N;52.7E;254;05m27s
1760;Dec;7;A;64.7S;49.4W;451;07m36s
1761;May;4;P;62.4S;30.3W;;
1761;Jun;3;P;64.4N;9.9E;;
1761;Nov;26;P;63.7S;174.2W;;
1762;Apr;24;A;30.3S;115.6E;61;01m08s
1762;Oct;17;T;36.2N;67.6E;135;02m02s
1763;Apr;13;A;9.0N;25.3E;201;06m11s
1763;Oct;7;T;2.0S;169.1E;206;05m09s
1764;Apr;1;A;44.2N;2.5W;361;06m20s
1764;Sep;25;T;36.0S;95.5W;171;03m01s
1765;Feb;19;P;61.6S;57.7W;;
1765;Mar;21;P;61.0N;104.3W;;
1765;Aug;16;P;61.8N;59.2E;;
1765;Sep;15;P;61.1S;26.2E;;
1766;Feb;9;T;50.7S;26.6E;156;02m27s
1766;Aug;5;A;50.2N;67.0W;260;05m15s
1767;Jan;30;T;16.8S;123.9E;157;04m06s
1767;Jul;25;A;10.8N;105.5W;132;04m21s
1768;Jan;19;H;23.9N;103.2W;11;00m13s
1768;Jul;14;H;43.0S;137.4E;48;00m29s
1768;Dec;9;P;67.1S;138.1W;;
1769;Jan;8;P;64.3N;113.5E;;
1769;Jun;4;T;87.3N;26.2E;521;03m36s
1769;Nov;28;A;80.0S;32.0E;638;06m38s
1770;May;25;T;31.2N;155.6E;211;05m31s
1770;Nov;17;A;27.3S;27.1E;158;04m56s
1771;May;14;H;17.8S;40.4W;33;00m49s
1771;Nov;6;H;17.9N;97.3W;50;01m13s
1772;Apr;3;P;71.9N;12.3W;;
1772;May;2;P;70.2S;104.1W;;
1772;Sep;27;P;72.0S;75.4E;;
1772;Oct;26;P;70.9N;85.1E;;
1773;Mar;23;A;49.3N;76.2E;378;06m13s
1773;Sep;16;T;39.9S;75.5W;130;02m18s
1774;Mar;12;A;1.7S;30.8E;55;01m43s
1774;Sep;6;A;8.7N;150.9E;72;02m20s
1775;Mar;1;T;47.9S;124.8W;139;02m20s
1775;Aug;26;A;61.3N;132.0E;383;05m16s
1776;Jan;21;P;68.8N;117.6E;;
1776;Feb;19;P;71.1S;109.2E;;
1776;Jul;15;P;68.2S;65.1W;;
1776;Aug;14;Pb;70.6N;123.5W;;
1777;Jan;9;A;22.4N;58.9W;70;01m32s
1777;Jul;5;T;4.2S;173.7E;115;03m17s
1777;Dec;29;A;22.7S;150.0W;231;07m53s
1778;Jun;24;T;41.8N;55.0W;255;05m52s
1778;Dec;18;A;65.8S;160.6W;450;07m44s
1779;May;16;Pe;63.0S;153.1W;;
1779;Jun;14;P;65.3N;112.1W;;
1779;Dec;7;P;64.6S;54.2E;;
1780;May;4;A;33.3S;5.9E;81;01m21s
1780;Oct;27;T;35.6N;58.6W;138;02m00s
1781;Apr;23;A;9.7N;79.2W;197;06m13s
1781;Oct;17;T;4.3S;45.1E;197;04m59s
1782;Apr;12;A;45.1N;107.1W;311;05m51s
1782;Oct;7;T;37.9S;144.6E;144;02m37s
1783;Mar;3;P;61.3S;170.5E;;
1783;Apr;1;P;61.0N;132.8E;;
1783;Aug;27;P;61.4N;54.1W;;
1783;Sep;26;P;61.1S;95.4W;;
1784;Feb;20;T;47.2S;101.5W;174;02m44s
1784;Aug;16;A;50.9N;159.8W;299;05m23s
1785;Feb;9;T;14.1S;6.6W;159;04m07s
1785;Aug;5;A;12.7N;155.3E;127;04m01s
1786;Jan;30;H;25.1N;125.5E;5;00m05s
1786;Jul;25;T;34.6S;30.8E;66;00m59s
1786;Dec;20;P;66.0S;89.9E;;
1787;Jan;19;P;63.4N;20.1W;;
1787;Jun;15;T;78.7N;104.8E;998;03m09s
1787;Dec;9;A;83.4S;62.7W;672;06m32s
1788;Jun;4;T;37.0N;44.4E;211;05m15s
1788;Nov;27;A;30.4S;94.3W;155;04m46s
1789;May;24;H;11.0S;151.0W;28;00m46s
1789;Nov;17;H;14.1N;133.9E;52;01m19s
1790;Apr;14;Pe;71.4N;132.1W;;
1790;May;14;P;69.4S;140.9E;;
1790;Oct;8;P;71.7S;61.3W;;
1790;Nov;6;P;70.1N;55.8W;;
1791;Apr;3;A;57.1N;39.5W;394;05m21s
1791;Sep;27;T;47.6S;162.4E;106;01m38s
1792;Mar;22;A;4.5N;88.7W;33;01m02s
1792;Sep;16;A;1.3N;39.9E;93;03m02s
1793;Mar;12;T;41.7S;107.8E;158;02m51s
1793;Sep;5;A;51.7N;23.0E;347;06m02s
1794;Jan;31;P;69.8N;26.0W;;
1794;Mar;1;P;71.6S;32.9W;;
1794;Jul;26;P;69.1S;178.0W;;
1794;Aug;25;P;71.3N;121.9E;;
1795;Jan;21;A;24.8N;170.3E;81;01m44s
1795;Jul;16;T;10.4S;63.8E;130;03m26s
1796;Jan;10;A;21.1S;88.3E;238;08m15s
1796;Jul;4;T;36.8N;164.6W;255;06m15s
1796;Dec;29;A;65.5S;88.6E;446;07m51s
1797;Jun;24;T;77.2N;133.9E;975;02m47s
1797;Dec;18;P;65.6S;79.0W;;
1798;May;15;A;38.6S;101.6W;121;01m36s
1798;Nov;8;T;35.1N;172.5E;141;01m59s
1799;May;5;A;9.3N;178.9E;194;06m20s
1799;Oct;28;T;6.7S;81.3W;188;04m50s
1800;Apr;24;A;45.7N;151.3E;269;05m27s
1800;Oct;18;T;40.3S;23.2E;120;02m14s
1801;Mar;14;P;61.2S;40.6E;;
1801;Apr;13;P;61.3N;11.7E;;
1801;Sep;8;P;61.1N;168.5W;;
1801;Oct;7;P;61.2S;141.3E;;
1802;Mar;4;T;44.0S;131.5E;196;03m02s
1802;Aug;28;A;51.3N;105.7E;354;05m35s
1803;Feb;21;T;11.1S;135.9W;163;04m09s
1803;Aug;17;A;13.6N;54.7E;124;03m47s
1804;Feb;11;H;26.7N;4.5W;0;00m00s
1804;Aug;5;T;29.3S;77.1W;75;01m20s
1805;Jan;1;P;65.0S;42.1W;;
1805;Jan;30;P;62.7N;152.8W;;
1805;Jun;26;P;65.5N;9.9W;;
1805;Jul;26;Pb;63.2S;42.8E;;
1805;Dec;21;A;83.1S;143.8W;692;06m27s
1806;Jun;16;T;42.2N;64.6W;210;04m55s
1806;Dec;10;A;32.4S;143.4E;151;04m32s
1807;Jun;6;H;4.7S;100.4E;21;00m38s
1807;Nov;29;H;11.1N;3.9E;55;01m26s
1808;May;25;P;68.4S;27.8E;;
1808;Oct;19;P;71.3S;160.8E;;
1808;Nov;18;P;69.2N;162.6E;;
1809;Apr;14;A;65.8N;157.3W;435;04m35s
1809;Oct;9;T;55.1S;38.4E;77;01m02s
1810;Apr;4;A;11.1N;153.8E;12;00m21s
1810;Sep;28;A;5.8S;72.8W;115;03m45s
1811;Mar;24;T;35.2S;18.0W;176;03m27s
1811;Sep;17;A;43.0N;85.9W;330;06m51s
1812;Feb;12;P;70.7N;168.8W;;
1812;Mar;13;P;71.9S;173.3W;;
1812;Aug;7;P;70.0S;67.0E;;
1812;Sep;5;P;71.8N;4.5E;;
1813;Feb;1;A;27.9N;40.4E;91;01m53s
1813;Jul;27;T;17.4S;47.4W;144;03m27s
1814;Jan;21;A;18.6S;33.4W;242;08m28s
1814;Jul;17;T;30.9N;84.7E;254;06m33s
1815;Jan;10;A;63.7S;23.6W;438;07m55s
1815;Jul;6;T;88.1N;162.7W;470;03m13s
1815;Dec;30;P;66.7S;146.4E;;
1816;May;27;A;48.0S;153.5E;238;01m54s
1816;Nov;19;T;35.0N;41.5E;144;02m00s
1817;May;16;A;7.9N;78.5E;194;06m30s
1817;Nov;9;T;8.9S;150.9E;179;04m42s
1818;May;5;A;45.8N;52.5E;233;05m05s
1818;Oct;29;T;43.1S;99.4W;98;01m51s
1819;Mar;25;P;61.2S;87.9W;;
1819;Apr;24;P;61.7N;108.0W;;
1819;Sep;19;Pe;61.0N;75.6E;;
1819;Oct;19;P;61.5S;16.4E;;
1820;Mar;14;T;41.5S;5.7E;220;03m20s
1820;Sep;7;A;51.6N;8.7E;432;05m49s
1821;Mar;4;T;8.0S;96.3E;168;04m14s
1821;Aug;27;A;13.6N;47.8W;123;03m38s
1822;Feb;21;A;28.6N;132.3W;2;00m02s
1822;Aug;16;T;26.1S;173.5E;80;01m35s
1823;Jan;12;P;64.0S;173.0W;;
1823;Feb;11;P;62.0N;76.7E;;
1823;Jul;8;P;64.6N;132.0W;;
1823;Aug;6;P;62.5S;79.3W;;
1824;Jan;1;A;79.9S;116.2E;705;06m21s
1824;Jun;26;T;46.6N;171.4W;207;04m31s
1824;Dec;20;Am;33.3S;20.4E;144;04m15s
1825;Jun;16;H;1.0N;6.0W;13;00m25s
1825;Dec;9;H2;9.2N;127.4W;60;01m34s
1826;Jun;5;P;67.4S;82.5W;;
1826;Oct;31;P;70.6S;21.2E;;
1826;Nov;29;P;68.2N;19.9E;;
1827;Apr;26;A;74.8N;73.4E;559;03m53s
1827;Oct;20;H;62.3S;87.6W;43;00m30s
1828;Apr;14;Hm;17.9N;37.7E;10;00m18s
1828;Oct;9;A;12.5S;173.0E;137;04m26s
1829;Apr;3;T;28.5S;142.6W;192;04m05s
1829;Sep;28;A;34.9N;164.3E;323;07m43s
1830;Feb;23;P;71.3N;49.0E;;
1830;Mar;24;P;72.0S;47.7E;;
1830;Aug;18;P;70.7S;50.2W;;
1830;Sep;17;P;72.1N;115.6W;;
1831;Feb;12;A;31.9N;88.3W;100;01m57s
1831;Aug;7;T;24.9S;160.9W;158;03m20s
1832;Feb;1;A;15.3S;154.4W;245;08m35s
1832;Jul;27;T;24.5N;27.9W;252;06m46s
1833;Jan;20;A;60.6S;137.4W;426;07m59s
1833;Jul;17;T;77.5N;92.5E;357;03m29s
1834;Jan;9;P;67.8S;11.3E;;
1834;Jun;7;P;64.6S;55.4E;;
1834;Nov;30;T;34.9N;91.6W;150;02m02s
1835;May;27;A;5.3N;20.2W;196;06m44s
1835;Nov;20;T;10.7S;21.6E;171;04m35s
1836;May;15;A;45.1N;44.4W;203;04m47s
1836;Nov;9;T;46.1S;136.8E;77;01m28s
1837;Apr;5;Pe;61.3S;145.6E;;
1837;May;4;P;62.3N;133.9E;;
1837;Oct;29;P;61.9S;110.5W;;
1838;Mar;25;T;39.7S;118.3W;249;03m39s
1838;Sep;18;A;52.4N;90.6W;562;06m06s
1839;Mar;15;T;5.1S;29.5W;172;04m20s
1839;Sep;7;Am;12.8N;152.7W;123;03m34s
1840;Mar;4;A;30.6N;101.7E;2;00m03s
1840;Aug;27;T;24.3S;62.9E;83;01m45s
1841;Jan;22;P;63.1S;56.6E;;
1841;Feb;21;P;61.5N;52.4W;;
1841;Jul;18;P;63.7N;106.2E;;
1841;Aug;16;P;61.9S;158.0E;;
1842;Jan;11;A;75.8S;1.4E;710;06m15s
1842;Jul;8;T;50.1N;83.6E;204;04m05s
1842;Dec;31;A;33.1S;103.2W;135;03m54s
1843;Jun;27;H;5.9N;111.0W;4;00m07s
1843;Dec;21;T;8.0N;101.0E;66;01m43s
1844;Jun;16;P;66.4S;168.3E;;
1844;Nov;10;P;69.8S;119.3W;;
1844;Dec;9;P;67.1N;123.0W;;
1845;May;6;An;73.4N;110.6W;-;03m15s
1845;Oct;30;H;69.1S;144.5E;3;00m02s
1846;Apr;25;H;24.8N;76.2W;31;00m53s
1846;Oct;20;A;18.7S;57.3E;159;05m05s
1847;Apr;15;T;21.6S;95.0E;206;04m44s
1847;Oct;9;A;27.7N;52.8E;323;08m35s
1848;Mar;5;P;71.8N;91.7W;;
1848;Apr;3;P;71.8S;89.0W;;
1848;Aug;28;Pe;71.3S;169.6W;;
1848;Sep;27;P;72.2N;121.9E;;
1849;Feb;23;A;36.7N;144.3E;108;01m58s
1849;Aug;18;T;32.9S;83.5E;172;03m07s
1850;Feb;12;A;11.0S;85.6E;245;08m35s
1850;Aug;7;T;17.7N;141.8W;249;06m50s
1851;Feb;1;A;56.4S;106.9E;409;08m01s
1851;Jul;28;T;68.0N;19.6W;296;03m41s
1852;Jan;21;P;68.9S;124.3W;;
1852;Jun;17;P;65.6S;57.3W;;
1852;Dec;11;T;35.2N;133.9E;156;02m05s
1853;Jun;6;A;1.5N;117.9W;203;06m59s
1853;Nov;30;T;12.0S;109.0W;164;04m28s
1854;May;26;A;43.3N;140.1W;178;04m32s
1854;Nov;20;H3;48.9S;12.7E;57;01m07s
1855;May;16;P;62.9N;16.6E;;
1855;Nov;9;P;62.5S;121.0E;;
1856;Apr;5;T;39.1S;119.2E;285;03m56s
1856;Sep;29;A;54.3N;169.1E;831;06m21s
1857;Mar;25;T;2.4S;153.4W;177;04m28s
1857;Sep;18;A;11.6N;100.0E;125;03m34s
1858;Mar;15;A;32.7N;20.9W;2;00m02s
1858;Sep;7;T;23.9S;49.8W;85;01m50s
1859;Feb;3;Pe;62.4S;72.1W;;
1859;Mar;4;P;61.2N;178.8W;;
1859;Jul;29;P;63.0N;16.0W;;
1859;Aug;28;P;61.5S;33.7E;;
1860;Jan;23;A;71.8S;117.2W;719;06m07s
1860;Jul;18;T;52.5N;20.3W;198;03m39s
1861;Jan;11;A;31.8S;132.7E;123;03m30s
1861;Jul;8;A;10.0N;145.8E;7;00m14s
1861;Dec;31;T;7.8N;31.6W;74;01m55s
1862;Jun;27;P;65.4S;60.8E;;
1862;Nov;21;P;68.8S;99.1E;;
1862;Dec;21;P;66.0N;93.6E;;
1863;May;17;P;69.2N;126.8E;;
1863;Nov;11;A;75.4S;15.1E;42;00m22s
1864;May;6;H;31.6N;171.5E;52;01m25s
1864;Oct;30;A;24.3S;59.3W;181;05m41s
1865;Apr;25;T;14.8S;25.8W;219;05m23s
1865;Oct;19;A;21.3N;60.2W;326;09m27s
1866;Mar;16;P;72.0N;129.2E;;
1866;Apr;15;P;71.4S;136.6E;;
1866;Oct;8;P;71.9N;3.0W;;
1867;Mar;6;A;42.3N;18.4E;118;01m57s
1867;Aug;29;T;41.1S;34.9W;189;02m51s
1868;Feb;23;A;6.1S;33.0W;244;08m30s
1868;Aug;18;Tm;10.6N;102.2E;245;06m47s
1869;Feb;11;A;51.3S;9.7W;387;08m02s
1869;Aug;7;T;59.1N;133.2W;254;03m48s
1870;Jan;31;P;69.9S;100.0E;;
1870;Jun;28;P;66.6S;169.4W;;
1870;Jul;28;Pb;69.2N;170.9E;;
1870;Dec;22;T;35.7N;1.5W;165;02m11s
1871;Jun;18;A;3.5S;144.7E;214;07m14s
1871;Dec;12;T;12.7S;119.4E;157;04m23s
1872;Jun;6;A;40.5N;124.8E;157;04m20s
1872;Nov;30;H;51.2S;111.8W;40;00m47s
1873;May;26;P;63.7N;99.6W;;
1873;Nov;20;P;63.2S;9.5W;;
1874;Apr;16;T;39.9S;0.9W;335;04m11s
1874;Oct;10;An;58.6N;72.0E;-;06m28s
1875;Apr;6;T;0.2S;84.8E;182;04m37s
1875;Sep;29;A;10.0N;10.1W;127;03m36s
1876;Mar;25;A;34.8N;141.1W;1;00m01s
1876;Sep;17;T;24.6S;164.5W;86;01m53s
1877;Mar;15;P;61.0N;56.7E;;
1877;Aug;9;P;62.3N;138.6W;;
1877;Sep;7;P;61.2S;91.8W;;
1878;Feb;2;A;67.9S;122.4E;729;05m59s
1878;Jul;29;T;53.8N;124.0W;191;03m11s
1879;Jan;22;A;29.8S;8.5E;110;03m03s
1879;Jul;19;Am;13.0N;42.9E;20;00m39s
1880;Jan;11;T;8.3N;164.1W;84;02m07s
1880;Jul;7;A;46.4S;33.4W;611;05m47s
1880;Dec;2;P;67.8S;42.9W;;
1880;Dec;31;P;65.0N;49.5W;;
1881;May;27;P;68.2N;13.3E;;
1881;Nov;21;A;81.2S;114.5W;90;00m43s
1882;May;17;T;38.4N;61.6E;72;01m50s
1882;Nov;10;A;29.2S;177.0W;201;06m14s
1883;May;6;T;8.1S;144.6W;229;05m58s
1883;Oct;30;A;15.6N;174.9W;331;10m17s
1884;Mar;27;P;72.0N;7.7W;;
1884;Apr;25;P;70.7S;4.6E;;
1884;Oct;19;P;71.5N;130.2W;;
1885;Mar;16;A;48.9N;106.1W;132;01m55s
1885;Sep;8;T;49.6S;156.5W;211;02m31s
1886;Mar;5;A;0.5S;150.1W;241;08m20s
1886;Aug;29;T;3.5N;15.3W;240;06m36s
1887;Feb;22;A;45.7S;126.5W;362;08m01s
1887;Aug;19;T;50.6N;111.9E;221;03m50s
1888;Feb;11;P;70.7S;35.7W;;
1888;Jul;9;P;67.6S;78.8E;;
1888;Aug;7;P;70.1N;53.0E;;
1889;Jan;1;T;36.7N;137.6W;175;02m17s
1889;Jun;28;A;9.6S;47.3E;232;07m22s
1889;Dec;22;T;12.7S;12.8W;152;04m18s
1890;Jun;17;A;36.5N;29.3E;140;04m09s
1890;Dec;12;H;52.8S;123.9E;24;00m28s
1891;Jun;6;A;74.5N;163.8E;33;00m06s
1891;Dec;1;P;64.1S;140.9W;;
1892;Apr;26;T;42.5S;119.4W;414;04m19s
1892;Oct;20;P;61.4N;33.3W;;
1893;Apr;16;T;1.3N;34.6W;186;04m47s
1893;Oct;9;A;8.1N;123.0W;130;03m41s
1894;Apr;6;H;36.7N;102.4E;1;00m01s
1894;Sep;29;T;26.1S;78.5E;85;01m55s
1895;Mar;26;P;61.0N;64.8W;;
1895;Aug;20;P;61.8N;97.7E;;
1895;Sep;18;P;61.0S;140.7E;;
1896;Feb;13;A;64.6S;3.5E;761;05m48s
1896;Aug;9;T;54.4N;132.2E;182;02m43s
1897;Feb;1;A;27.1S;115.7W;94;02m34s
1897;Jul;29;A;15.3N;59.0W;35;01m05s
1898;Jan;22;T;9.5N;63.6E;96;02m21s
1898;Jul;18;A;35.7S;130.1W;385;06m11s
1898;Dec;13;P;66.8S;174.5E;;
1899;Jan;11;P;64.0N;167.5E;;
1899;Jun;8;P;67.2N;98.9W;;
1899;Dec;3;A;86.6S;121.5E;140;01m01s
1900;May;28;T;44.8N;46.5W;92;02m10s
1900;Nov;22;A;33.1S;64.8E;220;06m42s
1901;May;18;T;1.7S;98.4E;238;06m29s
1901;Nov;11;A;10.8N;68.9E;336;11m01s
1902;Apr;8;Pe;71.7N;142.4W;;
1902;May;7;P;70.0S;125.1W;;
1902;Oct;31;P;70.8N;100.8E;;
1903;Mar;29;A;56.2N;130.3E;153;01m53s
1903;Sep;21;T;58.0S;77.2E;241;02m12s
1904;Mar;17;A;5.6N;94.7E;237;08m07s
1904;Sep;9;T;3.7S;134.5W;234;06m20s
1905;Mar;6;A;39.5S;117.4E;334;07m58s
1905;Aug;30;T;42.5N;4.3W;192;03m46s
1906;Feb;23;P;71.4S;170.3W;;
1906;Jul;21;P;68.6S;33.3W;;
1906;Aug;20;P;70.8N;66.4W;;
1907;Jan;14;T;38.3N;86.4E;189;02m25s
1907;Jul;10;A;16.9S;50.9W;258;07m23s
1908;Jan;3;T;11.8S;145.1W;149;04m14s
1908;Jun;28;A;31.4N;67.2W;126;04m00s
1908;Dec;23;H;53.4S;0.5W;10;00m12s
1909;Jun;17;H;82.9N;123.6E;51;00m24s
1909;Dec;12;P;65.0S;86.0E;;
1910;May;9;T;48.2S;125.2E;594;04m15s
1910;Nov;2;P;61.9N;155.1W;;
1911;Apr;28;T;1.9N;151.9W;190;04m57s
1911;Oct;22;A;6.3N;121.4E;133;03m47s
1912;Apr;17;H;38.4N;11.3W;1;00m02s
1912;Oct;10;T;28.1S;40.1W;85;01m55s
1913;Apr;6;P;61.2N;175.7E;;
1913;Aug;31;P;61.5N;26.8W;;
1913;Sep;30;P;61.0S;11.6E;;
1914;Feb;25;A;62.1S;113.3W;839;05m35s
1914;Aug;21;T;54.5N;27.1E;170;02m14s
1915;Feb;14;A;24.0S;120.7E;77;02m04s
1915;Aug;10;A;16.4N;161.4W;52;01m33s
1916;Feb;3;T;11.1N;67.7W;108;02m36s
1916;Jul;30;A;29.0S;132.4E;313;06m24s
1916;Dec;24;P;65.7S;32.1E;;
1917;Jan;23;P;63.2N;25.6E;;
1917;Jun;19;P;66.2N;150.1E;;
1917;Jul;19;Pb;63.7S;101.8E;;
1917;Dec;14;A;88.0S;124.8E;189;01m17s
1918;Jun;8;T;50.9N;152.0W;112;02m23s
1918;Dec;3;A;36.1S;53.7W;236;07m06s
1919;May;29;T;4.4N;16.7W;244;06m51s
1919;Nov;22;A;6.9N;48.9W;341;11m37s
1920;May;18;P;69.1S;107.7E;;
1920;Nov;10;P;69.9N;29.8W;;
1921;Apr;8;A;64.5N;5.6E;192;01m50s
1921;Oct;1;T;66.1S;56.1W;291;01m52s
1922;Mar;28;A;12.3N;18.0W;233;07m50s
1922;Sep;21;T;10.7S;104.5E;226;05m59s
1923;Mar;17;A;33.0S;2.4E;305;07m51s
1923;Sep;10;T;34.7N;121.8W;167;03m37s
1924;Mar;5;P;71.9S;55.6E;;
1924;Jul;31;P;69.6S;146.0W;;
1924;Aug;30;P;71.5N;172.9E;;
1925;Jan;24;T;40.5N;49.6W;206;02m32s
1925;Jul;20;A;25.3S;150.0W;300;07m15s
1926;Jan;14;T;10.1S;82.3E;147;04m11s
1926;Jul;9;A;25.6N;165.1W;115;03m51s
1927;Jan;3;A;52.8S;124.8W;2;00m03s
1927;Jun;29;T;78.1N;73.8E;77;00m50s
1927;Dec;24;P;66.1S;47.7W;;
1928;May;19;T-;63.3S;22.5E;-;-
1928;Jun;17;Pb;65.6N;70.6E;;
1928;Nov;12;P;62.6N;81.1E;;
1929;May;9;T;1.6N;92.7E;193;05m07s
1929;Nov;1;A;4.5N;3.1E;134;03m54s
1930;Apr;28;H;39.4N;121.2W;1;00m01s
1930;Oct;21;T;30.5S;161.1W;84;01m55s
1931;Apr;18;P;61.5N;58.9E;;
1931;Sep;12;Pe;61.2N;152.8W;;
1931;Oct;11;P;61.2S;119.5W;;
1932;Mar;7;A;60.7S;134.4E;1083;05m19s
1932;Aug;31;T;54.5N;79.5W;155;01m45s
1933;Feb;24;A;20.8S;2.1W;58;01m32s
1933;Aug;21;A;16.9N;95.9E;71;02m04s
1934;Feb;14;T;13.2N;161.7E;123;02m53s
1934;Aug;10;A;24.5S;34.6E;280;06m33s
1935;Jan;5;Pe;64.7S;110.2W;;
1935;Feb;3;P;62.5N;115.4W;;
1935;Jun;30;P;65.2N;39.1E;;
1935;Jul;30;P;62.9S;5.9W;;
1935;Dec;25;A;83.5S;9.4E;234;01m30s
1936;Jun;19;T;56.1N;104.7E;132;02m31s
1936;Dec;13;A;37.8S;172.6W;251;07m25s
1937;Jun;8;T;9.9N;130.5W;250;07m04s
1937;Dec;2;A;4.0N;167.8W;344;12m00s
1938;May;29;T;52.7S;22.0W;675;04m05s
1938;Nov;21;P;68.9N;162.0W;;
1939;Apr;19;A;73.1N;129.1W;285;01m49s
1939;Oct;12;T;72.8S;155.1E;418;01m32s
1940;Apr;7;A;19.2N;128.5W;230;07m30s
1940;Oct;1;T;17.5S;18.2W;218;05m35s
1941;Mar;27;A;26.2S;110.9W;276;07m41s
1941;Sep;21;T;27.3N;119.1E;143;03m22s
1942;Mar;16;P;72.2S;76.8W;;
1942;Aug;12;Pe;70.4S;99.9E;;
1942;Sep;10;P;71.9N;50.0E;;
1943;Feb;4;T;43.6N;175.1E;229;02m39s
1943;Aug;1;A;34.8S;108.6E;367;06m59s
1944;Jan;25;T;7.6S;50.2W;146;04m09s
1944;Jul;20;A;19.0N;95.7E;108;03m42s
1945;Jan;14;A;51.1S;110.3E;12;00m15s
1945;Jul;9;T;70.0N;17.2W;92;01m15s
1946;Jan;3;P;67.1S;177.6E;;
1946;May;30;P;64.1S;101.0W;;
1946;Jun;29;P;66.6N;50.8W;;
1946;Nov;23;P;63.4N;45.3W;;
1947;May;20;T;0.2N;21.4W;196;05m13s
1947;Nov;12;A;3.0N;117.4W;135;03m59s
1948;May;9;A;39.8N;131.2E;0;00m00s
1948;Nov;1;T;33.1S;76.2E;84;01m56s
1949;Apr;28;P;61.9N;55.7W;;
1949;Oct;21;P;61.5S;107.5E;;
1950;Mar;18;A-;60.9S;40.9E;-;-
1950;Sep;12;T;54.8N;172.3E;134;01m14s
1951;Mar;7;A;17.7S;123.5W;38;00m59s
1951;Sep;1;A;16.5N;8.5W;91;02m36s
1952;Feb;25;T;15.6N;32.7E;138;03m09s
1952;Aug;20;A;21.7S;64.1W;264;06m40s
1953;Feb;14;P;61.9N;104.9E;;
1953;Jul;11;P;64.3N;71.7W;;
1953;Aug;9;P;62.2S;114.7W;;
1954;Jan;5;A;79.1S;120.8W;278;01m42s
1954;Jun;30;T;60.5N;4.2E;153;02m35s
1954;Dec;25;A;38.4S;68.2E;262;07m39s
1955;Jun;20;T;14.8N;117.0E;254;07m08s
1955;Dec;14;A;2.1N;72.2E;346;12m09s
1956;Jun;8;T;40.8S;140.7W;429;04m45s
1956;Dec;2;P;67.9N;64.6E;;
1957;Apr;30;A+;70.6N;40.3E;-;-
1957;Oct;23;T-;71.2S;23.1W;-;-
1958;Apr;19;A;26.5N;123.6E;228;07m07s
1958;Oct;12;T;24.0S;142.4W;209;05m11s
1959;Apr;8;A;19.1S;137.6E;247;07m26s
1959;Oct;2;T;20.4N;1.4W;120;03m02s
1960;Mar;27;P;72.1S;151.9E;;
1960;Sep;20;P;72.1N;74.1W;;
1961;Feb;15;T;47.4N;40.0E;258;02m45s
1961;Aug;11;A;45.8S;4.0E;499;06m35s
1962;Feb;5;T;4.2S;178.1E;147;04m08s
1962;Jul;31;Am;12.0N;5.7W;103;03m33s
1963;Jan;25;A;48.2S;15.0W;20;00m25s
1963;Jul;20;T;61.7N;119.6W;101;01m40s
1964;Jan;14;P;68.2S;43.1E;;
1964;Jun;10;P;65.0S;135.9E;;
1964;Jul;9;P;67.6N;172.9W;;
1964;Dec;4;P;64.3N;173.3W;;
1965;May;30;T;2.5S;133.8W;198;05m15s
1965;Nov;23;A;1.7N;119.8E;134;04m02s
1966;May;20;A;39.2N;26.4E;3;00m05s
1966;Nov;12;T;35.6S;48.2W;84;01m57s
1967;May;9;P;62.5N;168.1W;;
1967;Nov;2;T-;62.0S;27.8W;-;-
1968;Mar;28;P;61.0S;79.8W;;
1968;Sep;22;T;56.2N;64.0E;104;00m40s
1969;Mar;18;A;14.8S;116.3E;16;00m26s
1969;Sep;11;A;15.6N;114.1W;114;03m11s
1970;Mar;7;T;18.2N;94.7W;153;03m28s
1970;Aug;31;A;20.3S;164.0W;258;06m47s
1971;Feb;25;P;61.4N;33.5W;;
1971;Jul;22;Pe;63.5N;177.0E;;
1971;Aug;20;P;61.7S;135.4E;;
1972;Jan;16;A;74.9S;107.7E;321;01m53s
1972;Jul;10;T;63.5N;94.2W;175;02m36s
1973;Jan;4;A;37.9S;51.2W;271;07m49s
1973;Jun;30;T;18.8N;5.6E;256;07m04s
1973;Dec;24;A;1.1N;48.5W;345;12m02s
1974;Jun;20;T;32.1S;103.7E;344;05m09s
1974;Dec;13;P;66.8N;69.4W;;
1975;May;11;P;69.7N;80.2W;;
1975;Nov;3;P;70.4S;161.7W;;
1976;Apr;29;A;34.0N;18.3E;227;06m41s
1976;Oct;23;T;30.0S;92.3E;199;04m46s
1977;Apr;18;A;11.9S;28.3E;220;07m04s
1977;Oct;12;T;14.1N;123.6W;99;02m37s
1978;Apr;7;P;71.9S;23.3E;;
1978;Oct;2;P;72.0N;159.6E;;
1979;Feb;26;T;52.1N;94.5W;298;02m49s
1979;Aug;22;A;59.6S;108.5W;953;06m03s
1980;Feb;16;T;0.1S;47.1E;149;04m08s
1980;Aug;10;A;4.6N;108.9W;100;03m23s
1981;Feb;4;A;44.4S;140.8W;25;00m33s
1981;Jul;31;T;53.3N;134.1E;108;02m02s
1982;Jan;25;P;69.3S;91.7W;;
1982;Jun;21;P;65.9S;13.2E;;
1982;Jul;20;P;68.6N;64.2E;;
1982;Dec;15;P;65.3N;56.9E;;
1983;Jun;11;T;6.2S;114.2E;199;05m11s
1983;Dec;4;A;0.9N;4.7W;131;04m01s
1984;May;30;A;37.5N;76.7W;7;00m11s
1984;Nov;22;T;37.8S;173.6W;85;02m00s
1985;May;19;P;63.2N;81.1E;;
1985;Nov;12;T;68.6S;142.6W;690;01m59s
1986;Apr;9;P;61.2S;161.4E;;
1986;Oct;3;H;59.9N;37.1W;1;00m00s
1987;Mar;29;H;12.3S;2.3W;5;00m08s
1987;Sep;23;A;14.3N;138.4E;137;03m49s
1988;Mar;18;T;20.7N;140.0E;169;03m46s
1988;Sep;11;A;20.0S;94.4E;258;06m57s
1989;Mar;7;P;61.2N;169.8W;;
1989;Aug;31;P;61.3S;23.6E;;
1990;Jan;26;A;71.0S;22.2W;373;02m03s
1990;Jul;22;T;65.2N;168.9E;201;02m33s
1991;Jan;15;A;36.4S;170.4W;277;07m53s
1991;Jul;11;Tm;22.0N;105.2W;258;06m53s
1992;Jan;4;A;1.0N;169.7W;340;11m41s
1992;Jun;30;T;25.2S;9.5W;294;05m21s
1992;Dec;24;P;65.7N;155.7E;;
1993;May;21;P;68.8N;162.3E;;
1993;Nov;13;P;69.6S;58.3E;;
1994;May;10;A;41.5N;84.1W;230;06m13s
1994;Nov;3;T;35.4S;34.2W;189;04m23s
1995;Apr;29;A;4.8S;79.4W;196;06m37s
1995;Oct;24;T;8.4N;113.2E;78;02m10s
1996;Apr;17;P;71.3S;104.0W;;
1996;Oct;12;P;71.7N;32.1E;;
1997;Mar;9;T;57.8N;130.7E;356;02m50s
1997;Sep;2;P;71.8S;114.3E;;
1998;Feb;26;T;4.7N;82.7W;151;04m09s
1998;Aug;22;A;3.0S;145.4E;99;03m14s
1999;Feb;16;A;39.8S;93.9E;29;00m40s
1999;Aug;11;T;45.1N;24.3E;112;02m23s
2000;Feb;5;P;70.2S;134.1E;;
2000;Jul;1;P;66.9S;109.5W;;
2000;Jul;31;P;69.5N;59.9W;;
2000;Dec;25;P;66.3N;74.1W;;
2001;Jun;21;T;11.3S;2.7E;200;04m57s
2001;Dec;14;A;0.6N;130.7W;126;03m53s
2002;Jun;10;A;34.5N;178.6W;13;00m23s
2002;Dec;4;T;39.5S;59.6E;87;02m04s
2003;May;31;An;66.6N;24.5W;-;03m37s
2003;Nov;23;T;72.7S;88.4E;495;01m57s
2004;Apr;19;P;61.6S;44.3E;;
2004;Oct;14;P;61.2N;153.7W;;
2005;Apr;8;H;10.6S;119.0W;27;00m42s
2005;Oct;3;A;12.9N;28.7E;162;04m32s
2006;Mar;29;T;23.2N;16.7E;184;04m07s
2006;Sep;22;A;20.6S;9.1W;261;07m09s
2007;Mar;19;P;61.0N;55.5E;;
2007;Sep;11;P;61.0S;90.2W;;
2008;Feb;7;A;67.6S;150.5W;444;02m12s
2008;Aug;1;T;65.7N;72.3E;237;02m27s
2009;Jan;26;A;34.1S;70.2E;280;07m54s
2009;Jul;22;T;24.2N;144.1E;258;06m39s
2010;Jan;15;A;1.6N;69.3E;333;11m08s
2010;Jul;11;T;19.7S;121.9W;259;05m20s
2011;Jan;4;P;64.7N;20.8E;;
2011;Jun;1;P;67.8N;46.8E;;
2011;Jul;1;Pb;65.2S;28.6E;;
2011;Nov;25;P;68.6S;82.4W;;
2012;May;20;A;49.1N;176.3E;237;05m46s
2012;Nov;13;T;40.0S;161.3W;179;04m02s
2013;May;10;A;2.2N;175.5E;173;06m03s
2013;Nov;3;H3;3.5N;11.7W;58;01m40s
2014;Apr;29;A-;70.6S;131.3E;-;-
2014;Oct;23;P;71.2N;97.2W;;
2015;Mar;20;T;64.4N;6.6W;463;02m47s
2015;Sep;13;P;72.1S;2.3W;;
2016;Mar;9;T;10.1N;148.8E;155;04m09s
2016;Sep;1;A;10.7S;37.8E;100;03m06s
2017;Feb;26;A;34.7S;31.2W;31;00m44s
2017;Aug;21;T;37.0N;87.7W;115;02m40s
2018;Feb;15;P;71.0S;0.6E;;
2018;Jul;13;P;67.9S;127.4E;;
2018;Aug;11;P;70.4N;174.5E;;
2019;Jan;6;P;67.4N;153.6E;;
2019;Jul;2;T;17.4S;109.0W;201;04m33s
2019;Dec;26;A;1.0N;102.3E;118;03m40s
2020;Jun;21;Am;30.5N;79.7E;21;00m38s
2020;Dec;14;T;40.3S;67.9W;90;02m10s
2021;Jun;10;A;80.8N;66.8W;527;03m51s
2021;Dec;4;T;76.8S;46.2W;419;01m54s
2022;Apr;30;P;62.1S;71.5W;;
2022;Oct;25;P;61.6N;77.4E;;
2023;Apr;20;H;9.6S;125.8E;49;01m16s
2023;Oct;14;A;11.4N;83.1W;187;05m17s
2024;Apr;8;T;25.3N;104.1W;198;04m28s
2024;Oct;2;A;22.0S;114.5W;266;07m25s
2025;Mar;29;P;61.1N;77.1W;;
2025;Sep;21;P;60.9S;153.5E;;
2026;Feb;17;A;64.7S;86.8E;616;02m20s
2026;Aug;12;T;65.2N;25.2W;294;02m18s
2027;Feb;6;A;31.3S;48.5W;282;07m51s
2027;Aug;2;T;25.5N;33.2E;258;06m23s
2028;Jan;26;A;3.0N;51.5W;323;10m27s
2028;Jul;22;T;15.6S;126.7E;230;05m10s
2029;Jan;14;P;63.7N;114.2W;;
2029;Jun;12;P;66.8N;66.2W;;
2029;Jul;11;P;64.3S;85.6W;;
2029;Dec;5;P;67.5S;135.7E;;
2030;Jun;1;A;56.5N;80.1E;250;05m21s
2030;Nov;25;T;43.6S;71.2E;169;03m44s
2031;May;21;A;8.9N;71.7E;152;05m26s
2031;Nov;14;H;0.6S;137.6W;38;01m08s
2032;May;9;A;51.3S;7.1W;44;00m22s
2032;Nov;3;P;70.4N;132.6E;;
2033;Mar;30;T;71.3N;155.8W;781;02m37s
2033;Sep;23;P;72.2S;121.2W;;
2034;Mar;20;T;16.1N;22.2E;159;04m09s
2034;Sep;12;A;18.2S;72.6W;102;02m58s
2035;Mar;9;A;29.0S;154.9W;31;00m48s
2035;Sep;2;T;29.1N;158.0E;116;02m54s
2036;Feb;27;P;71.6S;131.4W;;
2036;Jul;23;P;68.9S;3.6E;;
2036;Aug;21;P;71.1N;47.0E;;
2037;Jan;16;P;68.5N;20.8E;;
2037;Jul;13;T;24.8S;139.1E;201;03m58s
2038;Jan;5;A;2.1N;25.4W;107;03m18s
2038;Jul;2;A;25.4N;21.9W;31;01m00s
2038;Dec;26;T;40.3S;164.0E;95;02m18s
2039;Jun;21;A;78.9N;102.1W;365;04m05s
2039;Dec;15;T;80.9S;172.8E;380;01m51s
2040;May;11;P;62.8S;174.4E;;
2040;Nov;4;P;62.2N;53.4W;;
2041;Apr;30;T;9.6S;12.2E;72;01m51s
2041;Oct;25;A;9.9N;162.9E;213;06m07s
2042;Apr;20;T;27.0N;137.3E;210;04m51s
2042;Oct;14;A;23.7S;137.8E;273;07m44s
2043;Apr;9;T+;61.3N;152.0E;-;-
2043;Oct;3;A-;61.0S;35.3E;-;-
2044;Feb;28;As;62.2S;25.6W;-;02m27s
2044;Aug;23;T;64.3N;120.4W;453;02m04s
2045;Feb;16;A;28.3S;166.2W;281;07m47s
2045;Aug;12;T;25.9N;78.5W;256;06m06s
2046;Feb;5;A;4.8N;171.4W;310;09m42s
2046;Aug;2;T;12.7S;15.2E;206;04m51s
2047;Jan;26;P;62.9N;111.7E;;
2047;Jun;23;P;65.8N;178.0W;;
2047;Jul;22;P;63.4S;160.2E;;
2047;Dec;16;P;66.4S;6.6W;;
2048;Jun;11;A;63.7N;11.5W;272;04m58s
2048;Dec;5;T;46.1S;56.4W;160;03m28s
2049;May;31;A;15.3N;29.9W;134;04m45s
2049;Nov;25;H;3.8S;95.2E;21;00m38s
2050;May;20;H;40.1S;123.7W;27;00m21s
2050;Nov;14;P;69.5N;1.0E;;
2051;Apr;11;P;71.6N;32.2E;;
2051;Oct;4;P;72.0S;117.7E;;
2052;Mar;30;T;22.4N;102.5W;164;04m08s
2052;Sep;22;A;25.7S;175.0E;106;02m51s
2053;Mar;20;A;23.0S;83.0E;31;00m50s
2053;Sep;12;T;21.5N;41.7E;116;03m04s
2054;Mar;9;P;72.0S;97.9E;;
2054;Aug;3;Pe;69.8S;121.3W;;
2054;Sep;2;P;71.7N;82.3W;;
2055;Jan;27;P;69.5N;112.2W;;
2055;Jul;24;T;33.3S;25.8E;202;03m17s
2056;Jan;16;A;3.9N;153.5W;95;02m52s
2056;Jul;12;A;19.4N;123.7W;43;01m26s
2057;Jan;5;T;39.2S;35.2E;102;02m29s
2057;Jul;1;A;71.5N;176.2W;298;04m23s
2057;Dec;26;T;84.9S;21.8E;355;01m50s
2058;May;22;P;63.5S;61.1E;;
2058;Jun;21;Pb;65.9N;9.9E;;
2058;Nov;16;P;62.9N;174.2E;;
2059;May;11;T;10.7S;100.4W;95;02m23s
2059;Nov;5;A;8.7N;47.1E;238;07m00s
2060;Apr;30;T;28.0N;20.9E;222;05m15s
2060;Oct;24;A;25.8S;28.1E;281;08m06s
2061;Apr;20;T;64.5N;59.2E;559;02m37s
2061;Oct;13;A;62.1S;54.4W;743;03m41s
2062;Mar;11;P;61.0S;147.1W;;
2062;Sep;3;P;61.3N;150.3E;;
2063;Feb;28;A;25.2S;77.7E;280;07m41s
2063;Aug;24;T;25.6N;168.4E;252;05m49s
2064;Feb;17;A;7.0N;69.7E;295;08m56s
2064;Aug;12;T;10.9S;96.0W;184;04m28s
2065;Feb;5;P;62.2N;21.9W;;
2065;Jul;3;P;64.8N;71.9E;;
2065;Aug;2;P;62.7S;46.5E;;
2065;Dec;27;P;65.4S;149.2W;;
2066;Jun;22;A;70.1N;96.4W;309;04m40s
2066;Dec;17;T;47.4S;175.8E;152;03m14s
2067;Jun;11;A;21.0N;130.2W;119;04m05s
2067;Dec;6;H;6.0S;32.4W;4;00m08s
2068;May;31;T;31.0S;123.2E;63;01m06s
2068;Nov;24;P;68.5N;131.1W;;
2069;Apr;21;P;71.0N;101.3W;;
2069;May;20;Pb;68.8S;69.9W;;
2069;Oct;15;P;71.6S;5.5W;;
2070;Apr;11;T;29.1N;135.1E;168;04m04s
2070;Oct;4;A;32.8S;60.4E;110;02m44s
2071;Mar;31;A;16.7S;37.0W;31;00m52s
2071;Sep;23;T;14.2N;76.7W;116;03m11s
2072;Mar;19;P;72.2S;30.4W;;
2072;Sep;12;T;69.8N;102.0E;732;03m13s
2073;Feb;7;P;70.5N;114.9E;;
2073;Aug;3;T;43.2S;89.4W;206;02m29s
2074;Jan;27;A;6.6N;78.8E;79;02m21s
2074;Jul;24;A;12.8N;133.7E;58;01m57s
2075;Jan;16;T;37.2S;94.1W;110;02m42s
2075;Jul;13;A;63.1N;95.2E;262;04m45s
2076;Jan;6;T;87.2S;173.7W;340;01m49s
2076;Jun;1;P;64.4S;51.2W;;
2076;Jul;1;P;67.0N;98.1W;;
2076;Nov;26;P;63.7N;40.1E;;
2077;May;22;T;13.1S;148.3E;119;02m54s
2077;Nov;15;A;7.8N;70.8W;262;07m54s
2078;May;11;T;28.1N;93.7W;232;05m40s
2078;Nov;4;A;27.8S;83.3W;287;08m29s
2079;May;1;T;66.2N;46.3W;406;02m55s
2079;Oct;24;A;63.4S;160.6W;495;03m39s
2080;Mar;21;P;60.9S;85.9E;;
2080;Sep;13;P;61.1N;25.8E;;
2081;Mar;10;A;22.4S;36.7W;277;07m36s
2081;Sep;3;T;24.6N;53.6E;247;05m33s
2082;Feb;27;A;9.4N;47.1W;277;08m12s
2082;Aug;24;T;10.3S;151.8E;163;04m01s
2083;Feb;16;P;61.6N;154.1W;;
2083;Jul;15;Pe;64.0N;37.7W;;
2083;Aug;13;P;62.1S;67.5W;;
2084;Jan;7;P;64.4S;68.5E;;
2084;Jul;3;A;75.0N;169.1W;377;04m25s
2084;Dec;27;T;47.3S;47.7E;146;03m04s
2085;Jun;22;A;26.2N;131.3E;106;03m29s
2085;Dec;16;A;7.3S;160.8W;10;00m19s
2086;Jun;11;T;23.2S;12.5E;86;01m48s
2086;Dec;6;P;67.4N;96.2E;;
2087;May;2;P;70.3N;127.6E;;
2087;Jun;1;P;67.8S;165.4E;;
2087;Oct;26;P;71.0S;130.5W;;
2088;Apr;21;T;36.0N;15.1E;173;03m58s
2088;Oct;14;A;39.7S;56.0W;115;02m38s
2089;Apr;10;A;10.2S;154.8W;30;00m53s
2089;Oct;4;T;7.4N;162.8E;115;03m14s
2090;Mar;31;P;72.1S;156.3W;;
2090;Sep;23;T;60.7N;40.5W;463;03m36s
2091;Feb;18;P;71.2N;17.8W;;
2091;Aug;15;T;55.6S;150.5E;236;01m38s
2092;Feb;7;A;9.9N;48.7W;62;01m48s
2092;Aug;3;A;5.6N;30.3E;75;02m31s
2093;Jan;27;T;34.1S;136.4E;119;02m58s
2093;Jul;23;A;54.6N;1.3E;241;05m11s
2094;Jan;16;T;84.8S;10.6W;329;01m51s
2094;Jun;13;P;65.3S;163.6W;;
2094;Jul;12;P;68.0N;152.8E;;
2094;Dec;7;P;64.7N;95.0W;;
2095;Jun;2;T;16.7S;37.2E;145;03m18s
2095;Nov;27;A;7.2N;169.8E;285;08m47s
2096;May;22;T;27.3N;153.4E;241;06m07s
2096;Nov;15;A;29.7S;163.3E;294;08m53s
2097;May;11;T;67.4N;149.5W;339;03m10s
2097;Nov;4;A;65.8S;86.8E;411;03m36s
2098;Apr;1;P;61.0S;38.1W;;
2098;Sep;25;P;61.1N;101.0W;;
2098;Oct;24;Pb;61.8S;95.5W;;
2099;Mar;21;A;20.0S;149.0W;275;07m32s
2099;Sep;14;T;23.4N;62.8W;241;05m18s
2100;Mar;10;A;12.0N;162.4W;257;07m29s
2100;Sep;4;T;10.5S;39.0E;142;03m32s
2101;Feb;28;An;60.5N;80.0E;-;02m44s
2101;Aug;24;P;61.6S;178.2E;;
2102;Jan;19;P;63.5S;73.6W;;
2102;Jul;15;A;75.9N;134.2E;539;04m14s
2103;Jan;8;T;46.1S;80.8W;140;02m57s
2103;Jul;4;Am;30.3N;33.2E;96;02m57s
2103;Dec;29;A;7.5S;70.5E;23;00m43s
2104;Jun;22;T;16.6S;96.8W;103;02m26s
2104;Dec;17;A+;66.4N;36.6W;-;-
2105;May;14;P;69.4N;1.4W;;
2105;Jun;12;P;66.8S;41.9E;;
2105;Nov;6;P;70.2S;102.7E;;
2106;May;3;T;43.1N;102.3W;177;03m47s
2106;Oct;26;A;45.9S;174.1W;119;02m32s
2107;Apr;23;A;3.6S;89.9E;30;00m56s
2107;Oct;16;T;1.1N;40.6E;114;03m16s
2108;Apr;11;P;71.7S;80.5E;;
2108;Oct;5;T;52.5N;172.0W;371;03m50s
2109;Mar;1;P;71.8N;149.1W;;
2109;Aug;26;P;71.4S;5.1E;;
2110;Feb;18;A;14.1N;175.3W;44;01m12s
2110;Aug;15;A;2.0S;74.3W;94;03m07s
2111;Feb;8;T;30.2S;6.8E;130;03m17s
2111;Aug;4;A;46.0N;95.3W;230;05m42s
2112;Jan;29;T;80.6S;163.8W;322;01m56s
2112;Jun;24;Pe;66.3S;84.4E;;
2112;Jul;23;P;69.0N;43.1E;;
2112;Dec;19;P;65.7N;128.4E;;
2113;Jun;13;T;21.7S;73.8W;174;03m36s
2113;Dec;8;A;7.1N;48.9E;304;09m35s
2114;Jun;3;T;25.4N;41.3E;248;06m32s
2114;Nov;27;A;31.3S;48.4E;298;09m15s
2115;May;24;T;67.8N;109.4E;301;03m24s
2115;Nov;16;A;68.7S;27.8W;365;03m32s
2116;Apr;13;P;61.3S;160.2W;;
2116;Oct;6;P;61.2N;130.4E;;
2116;Nov;4;P;62.3S;132.3E;;
2117;Apr;2;A;18.4S;101.1E;274;07m30s
2117;Sep;26;T;21.9N;178.4E;233;05m03s
2118;Mar;22;A;14.3N;84.7E;237;06m50s
2118;Sep;15;T;11.5S;75.2W;122;03m04s
2119;Mar;11;A;56.7N;29.2W;451;02m13s
2119;Sep;5;P;61.2S;62.8E;;
2120;Jan;30;P;62.7S;145.3E;;
2120;Jul;25;An;66.0N;90.4E;-;04m00s
2121;Jan;19;T;43.9S;150.1E;137;02m52s
2121;Jul;14;A;33.6N;64.3W;88;02m32s
2122;Jan;8;A;6.9S;58.2W;34;01m02s
2122;Jul;4;T;11.0S;154.7E;114;02m56s
2122;Dec;28;A+;65.3N;169.8W;-;-
2123;May;25;P;68.5N;128.2W;;
2123;Jun;23;P;65.8S;80.3W;;
2123;Nov;18;P;69.3S;25.5W;;
2124;May;14;T;50.3N;143.2E;182;03m34s
2124;Nov;6;A;51.6S;66.8E;123;02m26s
2125;May;3;A;3.0N;22.6W;31;00m59s
2125;Oct;26;T;4.5S;83.6W;112;03m15s
2126;Apr;22;A-;71.1S;40.0W;-;-
2126;Oct;16;T;45.3N;58.6E;319;04m00s
2127;Mar;13;P;72.1N;80.4E;;
2127;Sep;6;P;71.9S;120.1W;;
2128;Mar;1;A;18.9N;59.1E;24;00m37s
2128;Aug;25;A;9.8S;180.0E;117;03m41s
2129;Feb;18;T;25.6S;122.5W;142;03m38s
2129;Aug;15;A;37.4N;165.8E;225;06m15s
2130;Feb;8;T;75.9S;51.8E;313;02m03s
2130;Aug;4;P;69.9N;68.7W;;
2130;Dec;30;P;66.8N;8.8W;;
2131;Jun;25;T;28.1S;174.7E;211;03m43s
2131;Dec;19;A;7.6N;72.8W;321;10m14s
2132;Jun;13;Tm;22.3N;70.1W;255;06m55s
2132;Dec;7;A;32.2S;67.9W;301;09m33s
2133;Jun;3;T;66.6N;10.7E;272;03m36s
2133;Nov;26;A;72.0S;143.5W;337;03m27s
2134;Apr;24;P;61.8S;80.5E;;
2134;May;23;Pb;63.7N;55.3E;;
2134;Oct;17;P;61.5N;0.4W;;
2134;Nov;16;P;63.0S;2.1W;;
2135;Apr;13;A;17.6S;6.5W;274;07m30s
2135;Oct;7;T;20.3N;57.6E;224;04m50s
2136;Apr;1;A;16.5N;26.0W;216;06m14s
2136;Sep;26;T;13.0S;169.4E;101;02m34s
2137;Mar;21;A;55.6N;144.8W;233;01m40s
2137;Sep;15;P;61.0S;53.8W;;
2138;Feb;9;P;62.1S;5.1E;;
2138;Aug;5;P;62.4N;9.2W;;
2139;Jan;30;T;41.0S;20.7E;135;02m49s
2139;Jul;25;A;35.8N;161.9W;83;02m13s
2140;Jan;20;A;5.5S;173.4E;43;01m17s
2140;Jul;14;T;6.7S;46.5E;124;03m18s
2141;Jan;8;A+;64.3N;57.7E;-;-
2141;Jun;4;P;67.5N;106.7E;;
2141;Jul;3;P;64.9S;158.0E;;
2141;Nov;28;P;68.2S;155.0W;;
2142;May;25;T;57.4N;31.9E;187;03m17s
2142;Nov;17;A;56.4S;52.4W;124;02m19s
2143;May;14;Am;9.4N;132.7W;33;01m05s
2143;Nov;7;T;9.4S;150.8E;111;03m14s
2144;May;3;A;53.6S;175.9W;727;06m09s
2144;Oct;26;T;39.2N;71.2W;284;04m05s
2145;Mar;23;P;72.1N;48.0W;;
2145;Sep;16;P;72.1S;112.8E;;
2145;Oct;16;Pb;71.4N;101.7E;;
2146;Mar;12;A;24.4N;65.0W;2;00m03s
2146;Sep;6;A;17.8S;72.6E;143;04m13s
2147;Mar;2;T;20.5S;108.8E;155;04m02s
2147;Aug;26;A;29.0N;65.2E;224;06m49s
2148;Feb;19;T;70.9S;88.3W;305;02m13s
2148;Aug;14;P;70.7N;178.0E;;
2149;Jan;9;P;67.9N;146.7W;;
2149;Jul;5;T;36.3S;62.4E;264;03m38s
2149;Dec;30;A;8.6N;164.7E;334;10m42s
2150;Jun;25;T;18.3N;178.1E;260;07m14s
2150;Dec;19;A;32.3S;175.0E;302;09m46s
2151;Jun;14;T;63.7N;89.4W;249;03m48s
2151;Dec;8;A;75.1S;103.1E;314;03m22s
2152;May;4;P;62.3S;36.8W;;
2152;Jun;3;P;64.5N;61.5W;;
2152;Oct;28;P;61.9N;133.3W;;
2152;Nov;26;P;63.8S;138.4W;;
2153;Apr;23;A;17.9S;111.8W;279;07m31s
2153;Oct;17;T;18.8N;65.7W;214;04m36s
2154;Apr;12;A;18.2N;134.2W;195;05m42s
2154;Oct;7;T;15.1S;52.1E;81;02m05s
2155;Apr;2;A;55.6N;101.3E;123;01m07s
2155;Sep;26;A;58.6S;143.0W;570;02m55s
2156;Feb;21;P;61.6S;133.7W;;
2156;Aug;16;P;61.9N;116.1W;;
2157;Feb;9;T;37.7S;108.4W;135;02m49s
2157;Aug;5;A;37.1N;99.6E;80;01m59s
2158;Jan;30;A;3.4S;45.5E;50;01m27s
2158;Jul;25;T;3.4S;61.8W;131;03m32s
2159;Jan;19;A+;63.4N;74.2W;-;-
2159;Jun;16;P;66.5N;17.0W;;
2159;Jul;15;P;64.0S;36.7E;;
2159;Dec;9;P;67.2S;74.4E;;
2160;Jun;4;T;64.5N;74.9W;192;02m58s
2160;Nov;27;A;60.1S;171.6W;123;02m12s
2161;May;25;A;15.7N;119.8E;36;01m12s
2161;Nov;17;T;13.4S;23.6E;110;03m13s
2162;May;14;A;42.3S;72.8E;468;06m37s
2162;Nov;7;T;34.1N;158.3E;258;04m05s
2163;Apr;3;P;71.9N;175.0W;;
2163;Sep;28;P;72.1S;15.6W;;
2163;Oct;27;P;70.8N;33.9W;;
2164;Mar;23;H;30.4N;172.1E;20;00m29s
2164;Sep;16;A;25.7S;36.3W;172;04m42s
2165;Mar;12;T;14.9S;18.8W;168;04m27s
2165;Sep;5;A;20.7N;37.5W;227;07m22s
2166;Mar;2;T;65.4S;134.4E;294;02m26s
2166;Aug;25;An;74.4N;41.5E;-;03m00s
2167;Jan;21;P;68.9N;75.5E;;
2167;Jul;16;T;46.8S;52.4W;368;03m19s
2168;Jan;10;A;10.3N;42.1E;344;10m55s
2168;Jul;5;T;13.2N;66.4E;264;07m26s
2168;Dec;29;A;31.6S;56.7E;300;09m52s
2169;Jun;25;T;59.2N;168.6E;229;03m58s
2169;Dec;18;A;77.3S;6.1W;295;03m15s
2170;May;16;P;63.0S;151.9W;;
2170;Jun;14;P;65.4N;177.1W;;
2170;Nov;8;P;62.5N;91.6E;;
2170;Dec;7;P;64.7S;83.1E;;
2171;May;5;A;19.4S;144.8E;289;07m32s
2171;Oct;29;T;17.6N;169.1E;203;04m23s
2172;Apr;23;A;19.2N;119.6E;174;05m12s
2172;Oct;17;H3;17.3S;66.6W;60;01m34s
2173;Apr;12;A;56.2N;10.3W;53;00m35s
2173;Oct;7;A;57.8S;114.0E;402;03m17s
2174;Mar;3;P;61.3S;88.7E;;
2174;Apr;1;Pb;61.2N;103.8E;;
2174;Aug;27;P;61.4N;135.6E;;
2175;Feb;21;T;34.2S;122.9E;135;02m50s
2175;Aug;16;A;37.6N;0.5W;78;01m50s
2176;Feb;10;A;0.9S;81.3W;55;01m34s
2176;Aug;4;T;1.3S;170.5W;136;03m40s
2177;Jan;29;An;57.6N;165.1E;-;06m55s
2177;Jun;26;P;65.5N;139.8W;;
2177;Jul;25;P;63.2S;85.0W;;
2177;Dec;20;P;66.1S;56.8W;;
2178;Jun;16;T;71.0N;175.3W;198;02m36s
2178;Dec;9;A;62.4S;69.9E;118;02m03s
2179;Jun;5;A;21.5N;15.0E;41;01m21s
2179;Nov;28;T;16.5S;104.6W;110;03m12s
2180;May;24;A;32.6S;32.9W;359;06m59s
2180;Nov;17;T;30.1N;26.5E;238;04m03s
2181;Apr;14;P;71.5N;60.8E;;
2181;May;13;Pb;69.4S;16.9W;;
2181;Oct;8;P;71.9S;145.8W;;
2181;Nov;7;P;70.0N;170.9W;;
2182;Apr;3;H;36.9N;51.0E;44;00m58s
2182;Sep;27;A;33.5S;146.7W;205;05m05s
2183;Mar;23;T;8.9S;145.2W;181;04m54s
2183;Sep;16;A;12.8N;141.9W;233;07m53s
2184;Mar;12;T;59.4S;0.2W;283;02m43s
2184;Sep;4;A;67.1N;123.3W;393;03m12s
2185;Jan;31;P;69.9N;62.4W;;
2185;Jul;26;Ts;67.9S;178.5W;-;02m27s
2186;Jan;20;A;12.8N;80.3W;350;10m53s
2186;Jul;16;T;7.4N;46.5W;267;07m29s
2187;Jan;9;A;30.0S;62.1W;296;09m51s
2187;Jul;6;T;53.6N;63.8E;211;04m06s
2187;Dec;29;A;77.7S;111.2W;274;03m07s
2188;May;26;P;63.8S;94.6E;;
2188;Jun;24;P;66.4N;68.0E;;
2188;Nov;18;P;63.2N;45.5W;;
2188;Dec;18;P;65.7S;56.6W;;
2189;May;15;A;22.6S;43.3E;309;07m31s
2189;Nov;8;T;16.5N;41.6E;192;04m10s
2190;May;4;A;19.4N;15.4E;154;04m45s
2190;Oct;29;H;19.6S;173.2E;40;01m04s
2191;Apr;23;A;57.0N;119.2W;4;00m03s
2191;Oct;18;A;58.7S;5.2E;365;03m39s
2192;Mar;13;P;61.1S;46.8W;;
2192;Apr;12;P;61.5N;25.4W;;
2192;Sep;6;P;61.2N;25.8E;;
2193;Mar;3;T;30.9S;4.4W;137;02m53s
2193;Aug;26;A;37.4N;102.9W;80;01m45s
2194;Feb;21;A;1.9N;153.5E;58;01m38s
2194;Aug;16;T;0.2S;79.6E;139;03m44s
2195;Feb;10;An;55.2N;41.6E;-;06m52s
2195;Jul;7;Pe;64.6N;98.5E;;
2195;Aug;5;Ts;56.1S;166.4E;-;04m03s
2195;Dec;31;P;65.1S;171.4E;;
2196;Jun;26;T;76.3N;97.0E;208;02m12s
2196;Dec;19;A;63.1S;48.6W;111;01m53s
2197;Jun;15;A;26.8N;87.6W;48;01m32s
2197;Dec;9;T;18.5S;126.0E;111;03m13s
2198;Jun;4;A;24.2S;135.7W;299;07m13s
2198;Nov;28;T;26.9N;106.0W;221;03m58s
2199;Apr;25;P;70.8N;61.7W;;
2199;May;24;P;68.5S;130.1W;;
2199;Oct;19;P;71.4S;82.9E;;
2199;Nov;18;P;69.1N;51.4E;;
2200;Apr;14;T;43.8N;68.3W;69;01m23s
2200;Oct;9;A;41.1S;101.3E;241;05m25s
2201;Apr;4;T;2.7S;90.2E;194;05m20s
2201;Sep;28;A;5.2N;111.4E;240;08m21s
2202;Mar;24;T;52.9S;131.9W;271;03m03s
2202;Sep;17;A;57.1N;114.2E;281;03m24s
2203;Feb;12;P;70.8N;160.4E;;
2203;Aug;8;P;70.1S;57.0E;;
2203;Sep;6;Pb;71.8N;69.4E;;
2204;Feb;2;A;16.0N;157.8E;353;10m38s
2204;Jul;27;T;1.0N;160.1W;269;07m22s
2205;Jan;21;A;27.5S;178.6E;289;09m42s
2205;Jul;17;T;47.2N;43.0W;193;04m10s
2206;Jan;10;A;75.9S;140.5E;252;02m57s
2206;Jun;7;Pe;64.7S;17.3W;;
2206;Jul;7;P;67.4N;46.3W;;
2206;Dec;1;P;64.1N;175.7E;;
2206;Dec;30;P;66.8S;162.3E;;
2207;May;27;A;27.5S;57.0W;347;07m25s
2207;Nov;20;T;15.8N;87.8W;180;03m56s
2208;May;15;A;18.7N;87.0W;136;04m19s
2208;Nov;9;H;21.8S;51.4E;20;00m34s
2209;May;5;H;57.7N;134.4E;34;00m28s
2209;Oct;29;A;60.7S;106.3W;358;04m02s
2210;Mar;26;P;61.1S;179.2E;;
2210;Apr;24;P;61.9N;153.4W;;
2210;Sep;18;P;61.0N;86.2W;;
2211;Mar;15;T;27.8S;130.6W;140;02m57s
2211;Sep;8;A;36.9N;152.5E;83;01m43s
2212;Mar;4;A;4.9N;30.1E;60;01m40s
2212;Aug;27;T;0.1S;31.7W;142;03m45s
2213;Feb;21;A;53.4N;78.6W;1080;06m44s
2213;Aug;17;T;46.0S;60.3E;525;04m35s
2214;Jan;11;P;64.1S;39.7E;;
2214;Jul;8;T;78.1N;28.3E;230;01m46s
2215;Jan;1;A;62.3S;168.0W;101;01m41s
2215;Jun;28;A;31.4N;172.0E;58;01m44s
2215;Dec;21;T;19.5S;4.1W;114;03m14s
2216;Jun;16;A;16.7S;124.6E;260;07m20s
2216;Dec;10;T;24.8N;120.2E;208;03m51s
2217;May;6;P;70.0N;178.5E;;
2217;Jun;5;P;67.5S;118.9E;;
2217;Oct;31;P;70.7S;49.8W;;
2217;Nov;29;P;68.1N;87.3W;;
2218;Apr;25;T;51.1N;174.3E;96;01m43s
2218;Oct;20;A;48.4S;12.1W;280;05m41s
2219;Apr;15;T;3.7N;32.8W;207;05m45s
2219;Oct;9;A;2.0S;3.0E;248;08m46s
2220;Apr;4;T;46.2S;99.0E;260;03m25s
2220;Sep;27;A;48.0N;2.8W;232;03m36s
2221;Feb;23;P;71.5N;24.2E;;
2221;Aug;18;P;70.9S;67.8W;;
2221;Sep;16;P;72.1N;58.1W;;
2222;Feb;12;A;20.0N;36.7E;355;10m14s
2222;Aug;8;T;6.0S;84.9E;270;07m06s
2223;Feb;1;A;24.1S;59.2E;279;09m26s
2223;Jul;28;T;40.2N;151.7W;176;04m09s
2224;Jan;21;A;72.4S;25.2E;227;02m46s
2224;Jul;17;P;68.4N;160.6W;;
2224;Dec;11;P;65.0N;35.2E;;
2225;Jan;9;P;67.8S;20.4E;;
2225;Jun;6;A;34.6S;156.5W;425;07m10s
2225;Dec;1;T;15.4N;141.4E;169;03m43s
2226;May;27;A;16.8N;171.5E;119;03m55s
2226;Nov;20;Hm;23.7S;71.7W;2;00m03s
2227;May;16;T;57.7N;30.8E;63;00m59s
2227;Nov;9;A;63.3S;140.7E;364;04m24s
2228;Apr;5;P;61.3S;47.3E;;
2228;May;4;P;62.4N;80.4E;;
2228;Sep;29;P;61.1N;159.6E;;
2228;Oct;29;Pb;61.9S;57.7E;;
2229;Mar;26;T;25.5S;105.5E;144;03m02s
2229;Sep;18;A;36.2N;44.8E;89;01m44s
2230;Mar;15;A;7.9N;91.3W;61;01m40s
2230;Sep;7;T;0.7S;144.5W;143;03m44s
2231;Mar;4;A;52.4N;163.0E;838;06m32s
2231;Aug;28;T;41.4S;52.2W;402;04m43s
2232;Jan;23;P;63.3S;91.9W;;
2232;Jul;18;T;72.4N;33.4W;348;01m14s
2233;Jan;11;A;60.0S;70.4E;88;01m28s
2233;Jul;8;A;35.1N;73.1E;70;01m59s
2233;Dec;31;T;19.5S;134.7W;117;03m18s
2234;Jun;27;A;10.3S;26.1E;235;07m18s
2234;Dec;21;T;23.5N;14.1W;197;03m42s
2235;May;17;Pe;69.1N;60.3E;;
2235;Jun;16;P;66.5S;8.8E;;
2235;Nov;11;P;69.9S;176.6E;;
2235;Dec;11;P;67.1N;133.6E;;
2236;May;6;T;58.7N;58.9E;126;01m59s
2236;Oct;30;A;55.2S;126.4W;321;05m54s
2237;Apr;25;T;10.1N;153.7W;219;06m05s
2237;Oct;19;A;8.6S;107.6W;256;09m07s
2238;Apr;15;T;39.3S;27.3W;250;03m49s
2238;Oct;8;A;40.1N;119.7W;206;03m47s
2239;Mar;6;P;72.0N;110.6W;;
2239;Aug;29;P;71.5S;165.5E;;
2239;Sep;28;P;72.1N;172.0E;;
2240;Feb;23;A;24.7N;83.0W;356;09m41s
2240;Aug;18;T;13.3S;31.3W;270;06m40s
2241;Feb;11;A;19.9S;60.0W;267;09m04s
2241;Aug;8;T;32.9N;98.0E;159;04m02s
2242;Jan;31;A;67.9S;95.8W;197;02m31s
2242;Jul;28;P;69.3N;84.8E;;
2242;Dec;22;P;66.0N;106.9W;;
2243;Jan;21;P;68.9S;122.5W;;
2243;Jun;18;A;45.6S;104.7E;652;06m41s
2243;Dec;12;T;15.5N;9.0E;157;03m30s
2244;Jun;6;Am;13.8N;70.7E;105;03m31s
2244;Dec;1;A;25.1S;164.0E;16;00m27s
2245;May;26;T;56.7N;71.4W;86;01m30s
2245;Nov;20;A;66.3S;27.1E;374;04m45s
2246;Apr;16;P;61.6S;83.2W;;
2246;May;16;P;63.1N;44.9W;;
2246;Oct;10;P;61.3N;43.4E;;
2246;Nov;9;P;62.5S;63.8W;;
2247;Apr;6;T;23.8S;16.9W;149;03m07s
2247;Sep;29;A;35.6N;65.9W;96;01m47s
2248;Mar;26;A;10.6N;150.1E;61;01m41s
2248;Sep;18;T;2.0S;100.6E;143;03m42s
2249;Mar;15;A;52.0N;48.4E;666;06m18s
2249;Sep;7;T;39.4S;167.4W;343;04m42s
2250;Feb;2;P;62.5S;137.6E;;
2250;Jul;30;P;62.9N;124.7W;;
2250;Aug;28;Pb;61.7S;96.6W;;
2251;Jan;22;A;56.9S;53.2W;72;01m12s
2251;Jul;19;A;38.0N;24.2W;85;02m16s
2252;Jan;12;T;18.5S;94.0E;123;03m23s
2252;Jul;7;A;4.9S;70.6W;218;07m10s
2252;Dec;31;T;23.1N;149.1W;189;03m34s
2253;Jun;26;P;65.5S;100.1W;;
2253;Nov;21;P;68.9S;41.9E;;
2253;Dec;21;P;66.1N;6.0W;;
2254;May;17;T;66.7N;54.1W;160;02m09s
2254;Nov;11;A;61.4S;119.3E;363;06m05s
2255;May;7;T;16.4N;87.2E;230;06m22s
2255;Oct;31;A;14.5S;140.2E;264;09m24s
2256;Apr;25;T;32.3S;150.9W;240;04m14s
2256;Oct;19;A;33.1N;122.3E;190;03m59s
2257;Mar;16;P;72.2N;116.2E;;
2257;Apr;15;Pb;71.3S;60.1E;;
2257;Sep;9;P;71.9S;36.6E;;
2257;Oct;8;P;71.9N;40.0E;;
2258;Mar;6;A;30.2N;158.8E;359;09m04s
2258;Aug;29;T;20.9S;149.2W;269;06m09s
2259;Feb;23;A;15.0S;178.8W;253;08m36s
2259;Aug;19;T;25.3N;13.6W;141;03m49s
2260;Feb;12;A;62.7S;140.2E;165;02m15s
2260;Aug;7;P;70.2N;30.7W;;
2261;Jan;2;P;67.1N;110.2E;;
2261;Jan;31;P;69.9S;94.8E;;
2261;Jun;28;P;66.6S;6.0E;;
2261;Dec;22;T;16.1N;124.2W;147;03m17s
2262;Jun;17;A;9.8N;30.2W;92;03m08s
2262;Dec;12;A;25.8S;39.0E;32;00m56s
2263;Jun;6;T;54.4N;173.1W;105;02m01s
2263;Dec;1;A;69.2S;85.8W;388;05m06s
2264;Apr;27;P;62.1S;148.5E;;
2264;May;26;P;63.9N;168.5W;;
2264;Oct;20;P;61.6N;75.7W;;
2264;Nov;19;P;63.2S;172.0E;;
2265;Apr;16;T;23.1S;136.8W;154;03m11s
2265;Oct;10;A;35.1N;179.8W;105;01m51s
2266;Apr;6;Am;12.9N;34.0E;61;01m42s
2266;Sep;29;T;3.7S;16.4W;142;03m40s
2267;Mar;26;A;52.3N;63.7W;549;06m03s
2267;Sep;19;T;38.8S;75.9E;304;04m34s
2268;Feb;13;P;61.9S;7.5E;;
2268;Aug;9;P;62.2N;118.0E;;
2268;Sep;7;P;61.4S;140.6E;;
2269;Feb;2;A;53.2S;178.2W;54;00m54s
2269;Jul;29;A;39.9N;121.3W;104;02m35s
2270;Jan;22;T;16.7S;37.3W;130;03m29s
2270;Jul;18;A;0.7S;166.9W;208;06m57s
2271;Jan;12;T;23.3N;76.0E;182;03m25s
2271;Jul;8;P;64.5S;151.1E;;
2271;Dec;3;P;67.8S;93.4W;;
2272;Jan;1;P;65.1N;145.4W;;
2272;May;27;T;75.0N;163.2W;202;02m14s
2272;Nov;21;A;66.8S;5.9E;402;06m15s
2273;May;17;Tm;22.5N;29.7W;240;06m31s
2273;Nov;10;A;19.6S;26.3E;272;09m34s
2274;May;7;T;25.5S;88.2E;230;04m37s
2274;Oct;30;A;27.0N;2.4E;179;04m08s
2275;Mar;28;P;72.2N;14.4W;;
2275;Apr;26;P;70.7S;67.0W;;
2275;Sep;20;P;72.0S;94.3W;;
2275;Oct;19;P;71.4N;93.9W;;
2276;Mar;16;A;36.4N;42.3E;362;08m23s
2276;Sep;9;T;28.5S;91.2E;266;05m33s
2277;Mar;5;A;9.5S;63.6E;236;08m04s
2277;Aug;29;T;17.8N;126.7W;123;03m28s
2278;Feb;22;A;57.1S;14.8E;131;01m54s
2278;Aug;19;A;75.8N;155.8E;367;01m53s
2279;Jan;13;P;68.2N;33.7W;;
2279;Feb;12;P;70.7S;48.3W;;
2279;Jul;9;P;67.7S;100.7W;;
2280;Jan;3;T;17.2N;101.9E;138;03m04s
2280;Jun;27;A;4.6N;131.2W;81;02m45s
2280;Dec;22;A;25.8S;86.8W;46;01m23s
2281;Jun;17;T;50.8N;84.2E;121;02m32s
2281;Dec;11;A;71.4S;163.7E;400;05m26s
2282;May;8;P;62.7S;21.3E;;
2282;Jun;6;P;64.8N;68.0E;;
2282;Nov;1;Pe;62.1N;163.0E;;
2282;Nov;30;P;64.1S;46.1E;;
2283;Apr;28;T;23.6S;105.0E;160;03m13s
2283;Oct;21;A;34.9N;63.2E;116;01m56s
2284;Apr;16;A;14.6N;79.2W;61;01m45s
2284;Oct;9;T;5.7S;135.8W;140;03m39s
2285;Apr;5;A;52.9N;171.4W;459;05m50s
2285;Sep;29;T;39.6S;42.9W;275;04m24s
2286;Feb;24;P;61.5S;121.0W;;
2286;Mar;25;Pb;61.0N;141.1E;;
2286;Aug;20;P;61.7N;0.2E;;
2286;Sep;19;P;61.2S;16.5E;;
2287;Feb;13;A;49.4S;56.3E;34;00m35s
2287;Aug;10;A;41.0N;141.8E;127;02m56s
2288;Feb;2;T;14.2S;168.4W;138;03m39s
2288;Jul;29;A;2.5N;97.4E;203;06m46s
2289;Jan;22;T;24.3N;58.9W;178;03m18s
2289;Jul;18;P;63.6S;42.3E;;
2289;Dec;13;P;66.8S;130.8E;;
2290;Jan;12;P;64.1N;75.4E;;
2290;Jun;8;T;83.8N;100.9E;265;02m14s
2290;Dec;2;A;70.9S;104.7W;439;06m23s
2291;May;28;T;28.3N;144.5W;249;06m34s
2291;Nov;21;A;23.7S;88.9W;278;09m41s
2292;May;17;T;18.8S;30.3W;220;04m57s
2292;Nov;9;A;22.0N;119.1W;171;04m14s
2293;Apr;7;P;71.8N;142.5W;;
2293;May;7;P;69.9S;168.5E;;
2293;Sep;30;P;72.0S;132.7E;;
2293;Oct;30;P;70.7N;130.3E;;
2294;Mar;27;A;43.2N;72.6W;370;07m42s
2294;Sep;20;T;36.2S;29.9W;263;04m56s
2295;Mar;16;A;3.6S;53.0W;219;07m29s
2295;Sep;10;Tm;10.3N;118.9E;104;03m01s
2296;Mar;4;A;51.1S;110.3W;95;01m31s
2296;Aug;29;A;66.6N;15.0E;245;02m20s
2297;Jan;23;P;69.2N;177.8W;;
2297;Feb;22;P;71.4S;169.4E;;
2297;Jul;20;P;68.7S;151.6E;;
2298;Jan;13;T;19.0N;31.9W;131;02m52s
2298;Jul;9;A;1.4S;126.5E;73;02m23s
2299;Jan;3;A;24.9S;146.9E;58;01m47s
2299;Jun;28;T;46.0N;19.5W;133;03m03s
2299;Dec;23;A;72.5S;54.8E;413;05m45s
2300;May;19;P;63.4S;104.1W;;
2300;Jun;18;P;65.7N;54.5W;;
2300;Dec;12;P;65.0S;81.9W;;
2301;May;9;T;25.5S;11.0W;168;03m10s
2301;Nov;1;A;34.8N;57.2W;126;02m01s
2302;Apr;29;A;15.6N;170.0E;62;01m49s
2302;Oct;22;T;7.8S;102.9E;139;03m38s
2303;Apr;18;A;53.8N;83.7E;393;05m38s
2303;Oct;11;T;41.1S;163.2W;252;04m12s
2304;Mar;7;P;61.2S;111.8E;;
2304;Apr;6;P;61.2N;22.1E;;
2304;Sep;1;P;61.4N;118.2W;;
2304;Sep;30;P;61.2S;109.0W;;
2305;Feb;24;A;45.7S;69.3W;13;00m13s
2305;Aug;21;A;41.5N;43.7E;155;03m21s
2306;Feb;14;T;11.3S;61.0E;147;03m49s
2306;Aug;10;A;4.6N;1.0E;202;06m37s
2307;Feb;4;T;25.7N;166.9E;176;03m12s
2307;Jul;30;A;50.0S;48.7W;501;03m37s
2307;Dec;25;P;65.7S;5.1W;;
2308;Jan;24;P;63.3N;63.0W;;
2308;Jun;19;T;84.1N;120.6E;401;02m08s
2308;Dec;14;A;73.4S;148.6E;470;06m31s
2309;Jun;9;T;33.6N;102.7E;257;06m30s
2309;Dec;3;A;26.9S;154.6E;282;09m40s
2310;May;29;T;12.5S;146.5W;210;05m10s
2310;Nov;22;A;17.9N;117.8E;164;04m16s
2311;Apr;19;P;71.3N;92.3E;;
2311;May;19;P;69.0S;46.9E;;
2311;Oct;13;P;71.6S;2.1W;;
2311;Nov;11;P;69.9N;7.1W;;
2312;Apr;7;A;50.8N;174.7E;385;07m00s
2312;Oct;1;T;43.8S;152.9W;258;04m20s
2313;Mar;27;A;2.6N;167.9W;200;06m50s
2313;Sep;21;T;3.0N;3.0E;85;02m30s
2314;Mar;17;A;44.9S;125.1E;60;01m03s
2314;Sep;10;A;56.8N;103.3W;220;02m54s
2315;Feb;5;P;70.1N;37.6E;;
2315;Mar;6;P;71.9S;27.6E;;
2315;Aug;1;P;69.6S;43.3E;;
2316;Jan;25;T;21.4N;166.0W;126;02m42s
2316;Jul;20;A;8.1S;23.1E;67;02m03s
2317;Jan;14;A;23.2S;20.5E;69;02m08s
2317;Jul;9;T;40.4N;125.3W;143;03m32s
2318;Jan;3;A;71.9S;53.7W;422;06m02s
2318;May;31;Pe;64.2S;131.2E;;
2318;Jun;29;P;66.7N;177.3W;;
2318;Dec;23;P;66.1S;148.9E;;
2319;May;20;T;29.0S;125.8W;178;03m02s
2319;Nov;13;A;35.0N;179.6E;136;02m04s
2320;May;9;A;15.6N;62.1E;64;01m56s
2320;Nov;1;Tm;9.8S;20.8W;136;03m38s
2321;Apr;28;A;54.5N;17.0W;341;05m30s
2321;Oct;22;T;43.3S;74.8E;233;04m00s
2322;Mar;18;P;61.1S;13.5W;;
2322;Apr;17;P;61.5N;94.9W;;
2322;Sep;12;P;61.1N;122.2E;;
2322;Oct;11;P;61.4S;123.6E;;
2323;Mar;8;H;42.4S;166.1E;11;00m11s
2323;Sep;1;A;41.7N;55.3W;191;03m48s
2324;Feb;25;Tm;8.1S;68.6W;158;04m02s
2324;Aug;20;A;5.7N;96.0W;205;06m33s
2325;Feb;14;T;27.5N;33.9E;175;03m08s
2325;Aug;9;A;40.3S;146.1W;256;03m24s
2326;Jan;5;P;64.7S;141.2W;;
2326;Feb;3;P;62.6N;159.3E;;
2326;Jun;30;P;65.2N;37.3E;;
2326;Dec;25;A;73.6S;43.3E;496;06m39s
2327;Jun;20;T;38.3N;8.3W;265;06m21s
2327;Dec;14;A;28.8S;37.0E;284;09m34s
2328;Jun;9;T;6.7S;99.5E;199;05m16s
2328;Dec;2;A;14.8N;6.9W;157;04m13s
2329;Apr;30;P;70.6N;30.1W;;
2329;May;29;P;68.1S;72.5W;;
2329;Oct;23;P;71.1S;138.5W;;
2329;Nov;21;P;68.9N;145.4W;;
2330;Apr;19;A;59.0N;62.9E;412;06m19s
2330;Oct;13;T;51.2S;82.5E;251;03m46s
2331;Apr;8;A;9.2N;79.0E;181;06m07s
2331;Oct;2;T;4.0S;114.2W;64;01m55s
2332;Mar;27;A;38.3S;2.0E;26;00m30s
2332;Sep;21;A;47.9N;142.3E;217;03m34s
2333;Feb;15;P;70.9N;106.2W;;
2333;Mar;17;P;72.1S;112.5W;;
2333;Aug;11;P;70.5S;66.9W;;
2333;Sep;10;Pb;72.0N;157.1W;;
2334;Feb;5;T;24.6N;60.8E;122;02m33s
2334;Jul;31;A;15.6S;81.8W;64;01m45s
2335;Jan;25;A;20.6S;105.9W;77;02m25s
2335;Jul;21;T;34.0N;127.4E;151;03m58s
2336;Jan;14;A;69.6S;164.9W;427;06m19s
2336;Jul;9;T;83.2N;49.4E;800;03m17s
2337;Jan;2;P;67.2S;18.0E;;
2337;May;31;T;34.6S;121.2E;195;02m46s
2337;Nov;23;A;35.5N;53.8E;142;02m05s
2338;May;20;A;14.5N;44.0W;67;02m07s
2338;Nov;12;T;11.7S;146.4W;134;03m38s
2339;May;9;A;54.7N;114.5W;300;05m24s
2339;Nov;2;T;45.8S;48.3W;215;03m47s
2340;Mar;29;P;61.2S;137.3W;;
2340;Apr;27;P;62.0N;149.8E;;
2340;Sep;22;P;61.1N;1.4E;;
2340;Oct;22;P;61.7S;5.3W;;
2341;Mar;18;H;39.8S;42.6E;36;00m36s
2341;Sep;12;A;41.7N;156.4W;234;04m19s
2342;Mar;8;T;4.9S;162.9E;169;04m16s
2342;Sep;1;A;6.1N;165.7E;209;06m34s
2343;Feb;25;T;29.6N;97.7W;175;03m06s
2343;Aug;21;A;35.1S;112.8E;186;03m09s
2344;Jan;16;P;63.8S;83.5E;;
2344;Feb;15;P;62.0N;23.3E;;
2344;Jul;11;P;64.3N;82.3W;;
2344;Aug;9;Pb;62.3S;52.2W;;
2345;Jan;4;A;71.9S;64.6W;517;06m45s
2345;Jun;30;T;42.1N;117.7W;272;06m07s
2345;Dec;24;Am;29.7S;81.1W;284;09m21s
2346;Jun;20;T;1.5S;12.7W;188;05m12s
2346;Dec;13;A;12.8N;133.1W;149;04m04s
2347;May;11;Pe;69.7N;149.1W;;
2347;Jun;10;P;67.1S;170.8E;;
2347;Nov;3;P;70.4S;83.4E;;
2347;Dec;3;P;67.9N;74.8E;;
2348;Apr;29;A;68.1N;48.8W;466;05m40s
2348;Oct;23;T;58.2S;43.6W;242;03m14s
2349;Apr;18;A;16.0N;32.1W;162;05m23s
2349;Oct;13;H;10.6S;127.2E;43;01m18s
2350;Apr;7;H;31.7S;119.7W;5;00m06s
2350;Oct;2;A;39.8N;28.7E;222;04m22s
2351;Feb;27;P;71.5N;110.1E;;
2351;Mar;28;P;72.1S;108.5E;;
2351;Aug;22;P;71.2S;178.6W;;
2351;Sep;21;P;72.2N;86.2E;;
2352;Feb;16;T;28.5N;71.8W;121;02m25s
2352;Aug;11;A;23.6S;171.2E;63;01m32s
2353;Feb;5;A;17.1S;128.0E;84;02m38s
2353;Jul;31;T;27.2N;17.8E;158;04m20s
2354;Jan;25;A;66.0S;80.6E;427;06m35s
2354;Jul;21;T;81.4N;171.7E;499;03m51s
2355;Jan;14;P;68.2S;113.4W;;
2355;Jun;11;T;43.3S;9.2E;233;02m18s
2355;Dec;4;A;36.0N;74.4W;145;02m02s
2356;May;30;A;12.2N;148.0W;72;02m21s
2356;Nov;23;T;13.2S;86.3E;133;03m40s
2357;May;20;A;53.9N;151.0E;269;05m24s
2357;Nov;12;T;48.4S;172.7W;200;03m35s
2358;Apr;9;Pe;61.4S;100.7E;;
2358;May;9;P;62.6N;36.2E;;
2358;Oct;4;P;61.1N;120.7W;;
2358;Nov;2;P;62.2S;136.1W;;
2359;Mar;29;T;37.9S;79.3W;64;01m02s
2359;Sep;23;A;41.9N;100.6E;291;04m53s
2360;Mar;18;T;1.8S;36.4E;181;04m33s
2360;Sep;11;Am;5.7N;65.6E;217;06m41s
2361;Mar;8;T;31.9N;132.7E;176;03m06s
2361;Aug;31;A;32.2S;9.7E;151;02m54s
2362;Jan;27;P;62.9S;51.1W;;
2362;Feb;25;P;61.6N;111.3W;;
2362;Jul;22;P;63.5N;157.9E;;
2362;Aug;20;P;61.8S;170.7W;;
2363;Jan;16;A;68.8S;177.6W;532;06m52s
2363;Jul;12;T;45.0N;134.5E;279;05m51s
2364;Jan;5;A;29.4S;159.7E;281;09m03s
2364;Jun;30;T;2.9N;123.3W;176;05m00s
2364;Dec;24;A;11.6N;99.8E;139;03m48s
2365;Jun;20;P;66.1S;55.7E;;
2365;Nov;14;P;69.5S;55.9W;;
2365;Dec;13;P;66.8N;65.6W;;
2366;May;10;A;77.9N;169.5W;583;05m03s
2366;Nov;3;T;64.8S;170.2W;231;02m46s
2367;Apr;29;Am;22.8N;141.2W;144;04m38s
2367;Oct;24;H;16.7S;7.3E;22;00m40s
2368;Apr;18;H;24.8S;120.8E;34;00m47s
2368;Oct;12;A;32.5N;85.8W;233;05m13s
2369;Mar;9;P;71.9N;32.2W;;
2369;Apr;7;P;71.8S;28.1W;;
2369;Sep;2;Pe;71.7S;67.4E;;
2369;Oct;1;P;72.1N;32.7W;;
2370;Feb;27;T;33.2N;157.0E;121;02m17s
2370;Aug;22;A;32.0S;62.0E;66;01m22s
2371;Feb;16;A;12.9S;2.7E;88;02m48s
2371;Aug;11;T;19.9N;93.0W;162;04m36s
2372;Feb;5;A;61.5S;36.9W;422;06m50s
2372;Jul;31;T;71.0N;45.5E;404;04m18s
2373;Jan;24;P;69.3S;114.5E;;
2373;Jun;21;Ts;62.7S;100.1W;-;01m24s
2373;Dec;15;A;36.7N;155.4E;141;01m56s
2374;Jun;11;A;8.8N;109.1E;79;02m39s
2374;Dec;4;T;14.1S;42.4W;132;03m42s
2375;May;31;A;52.0N;57.9E;243;05m26s
2375;Nov;24;T;50.7S;62.3E;186;03m23s
2376;May;19;P;63.3N;76.1W;;
2376;Oct;14;P;61.4N;115.4E;;
2376;Nov;12;P;62.8S;91.4E;;
2377;Apr;9;T;37.1S;160.2E;96;01m28s
2377;Oct;3;A;42.6N;4.7W;366;05m29s
2378;Mar;29;T;1.1N;88.6W;193;04m51s
2378;Sep;22;A;4.8N;36.6W;225;06m54s
2379;Mar;19;T;34.3N;5.6E;177;03m07s
2379;Sep;11;A;30.9S;95.4W;130;02m42s
2380;Feb;7;P;62.2S;175.7E;;
2380;Mar;7;P;61.3N;116.3E;;
2380;Aug;1;P;62.8N;37.7E;;
2380;Aug;31;P;61.4S;69.2E;;
2381;Jan;26;A;65.3S;66.8E;546;06m57s
2381;Jul;22;T;46.9N;26.9E;285;05m33s
2382;Jan;15;A;28.1S;40.1E;275;08m40s
2382;Jul;12;T;6.5N;127.5E;164;04m41s
2383;Jan;4;A;11.4N;28.1W;128;03m26s
2383;Jul;1;P;65.1S;57.5W;;
2383;Nov;25;P;68.6S;163.5E;;
2383;Dec;25;P;65.8N;153.2E;;
2384;May;21;A;80.8N;0.8W;1115;04m28s
2384;Nov;14;T;70.9S;63.5E;217;02m22s
2385;May;10;A;29.5N;111.9E;126;03m53s
2385;Nov;3;H;22.1S;113.5W;2;00m03s
2386;Apr;29;H2;18.1S;2.9E;60;01m30s
2386;Oct;24;A;26.1N;158.8E;246;06m09s
2387;Mar;20;P;72.1N;173.3W;;
2387;Apr;19;P;71.3S;162.7W;;
2387;Oct;13;P;71.8N;153.3W;;
2388;Mar;9;T;38.5N;27.0E;124;02m10s
2388;Sep;1;A;40.7S;50.1W;73;01m15s
2389;Feb;26;A;8.1S;121.3W;92;02m55s
2389;Aug;22;T;12.5N;153.9E;166;04m45s
2390;Feb;16;A;56.4S;155.6W;411;07m06s
2390;Aug;11;T;61.3N;72.5W;353;04m41s
2391;Feb;4;P;70.3S;17.6W;;
2391;Jul;3;P;67.1S;143.0E;;
2391;Aug;1;Pb;69.6N;167.9E;;
2391;Dec;26;A;37.6N;24.0E;131;01m46s
2392;Jun;21;A;4.1N;7.3E;90;03m02s
2392;Dec;14;T;14.5S;172.4W;133;03m46s
2393;Jun;10;A;48.8N;34.4W;224;05m34s
2393;Dec;4;T;52.6S;63.0W;174;03m13s
2394;May;30;P;64.1N;172.7E;;
2394;Oct;25;Pe;61.8N;10.3W;;
2394;Nov;24;P;63.6S;43.0W;;
2395;Apr;20;T;37.7S;41.9E;134;01m52s
2395;Oct;14;A;44.0N;112.4W;471;06m07s
2396;Apr;9;T;3.4N;148.7E;206;05m12s
2396;Oct;2;A;3.5N;141.2W;234;07m12s
2397;Mar;29;T;36.7N;118.9W;178;03m11s
2397;Sep;22;A;30.9S;157.2E;118;02m34s
2398;Feb;17;P;61.7S;43.5E;;
2398;Mar;19;P;61.2N;14.4W;;
2398;Aug;13;P;62.2N;82.9W;;
2398;Sep;11;P;61.2S;52.3W;;
2399;Feb;6;A;61.6S;51.0W;557;07m01s
2399;Aug;2;T;48.0N;80.4W;291;05m14s
2400;Jan;26;A;26.0S;79.9W;267;08m13s
2400;Jul;22;T;9.1N;19.0E;151;04m17s
2401;Jan;14;A;11.9N;156.4W;114;03m00s
2401;Jul;11;P;64.2S;169.9W;;
2401;Dec;5;P;67.5S;22.4E;;
2402;Jan;4;P;64.7N;12.2E;;
2402;Jun;1;P;67.8N;135.9W;;
2402;Nov;25;T;76.2S;59.6W;202;02m02s
2403;May;21;A;36.1N;7.4E;110;03m10s
2403;Nov;15;A;26.8S;124.9E;19;00m33s
2404;May;9;T;11.4S;112.8W;83;02m14s
2404;Nov;3;A;20.5N;42.0E;260;07m05s
2405;Mar;31;P;71.9N;47.9E;;
2405;Apr;29;P;70.6S;65.3E;;
2405;Oct;23;P;71.3N;83.8E;;
2406;Mar;20;T;44.5N;101.3W;128;02m03s
2406;Sep;12;A;49.6S;165.5W;88;01m11s
2407;Mar;10;A;2.7S;116.1E;93;02m59s
2407;Sep;2;T;5.1N;39.2E;168;04m48s
2408;Feb;27;A;50.8S;85.5E;394;07m22s
2408;Aug;22;T;52.3N;170.0E;317;05m00s
2409;Feb;15;P;71.1S;149.6W;;
2409;Jul;13;P;68.1S;24.6E;;
2409;Aug;11;P;70.4N;44.8E;;
2410;Jan;5;A;38.8N;108.2W;116;01m31s
2410;Jul;2;A;1.6S;94.4W;104;03m25s
2410;Dec;26;T;14.1S;56.6E;134;03m50s
2411;Jun;21;A;44.2N;126.9W;210;05m46s
2411;Dec;16;T;53.6S;171.2E;163;03m04s
2412;Jun;9;P;65.0N;62.1E;;
2412;Dec;4;P;64.5S;178.7W;;
2413;Apr;30;T;40.0S;75.0W;183;02m13s
2413;Oct;25;A;46.2N;137.3E;628;06m43s
2414;Apr;20;T;5.0N;27.7E;218;05m33s
2414;Oct;14;A;2.2N;111.8E;245;07m34s
2415;Apr;10;T;38.9N;119.6E;178;03m15s
2415;Oct;3;A;31.8S;47.4E;110;02m27s
2416;Feb;29;P;61.3S;86.2W;;
2416;Mar;29;P;61.2N;142.2W;;
2416;Aug;23;P;61.8N;155.2E;;
2416;Sep;21;P;61.1S;176.0W;;
2417;Feb;17;A;58.3S;168.3W;574;07m04s
2417;Aug;13;T;48.3N;171.4E;297;04m55s
2418;Feb;6;A;23.3S;160.5E;256;07m43s
2418;Aug;2;T;10.9N;89.0W;137;03m50s
2419;Jan;26;A;13.2N;75.2E;98;02m30s
2419;Jul;23;A;45.6S;98.2E;242;02m17s
2419;Dec;17;P;66.5S;119.7W;;
2420;Jan;15;P;63.8N;129.2W;;
2420;Jun;11;P;66.8N;115.6E;;
2420;Dec;5;T;80.2S;174.0W;185;01m44s
2421;May;31;A;42.4N;95.0W;95;02m32s
2421;Nov;25;A;30.4S;2.4E;38;01m06s
2422;May;21;T;5.0S;133.1E;103;02m56s
2422;Nov;14;A;15.9N;75.8W;275;08m01s
2423;Apr;11;P;71.6N;89.1W;;
2423;May;10;P;69.7S;64.8W;;
2423;Nov;3;P;70.5N;40.5W;;
2424;Mar;31;T;51.3N;131.9E;133;01m55s
2424;Sep;23;A;58.6S;74.1E;114;01m08s
2425;Mar;20;A;3.1N;4.7W;95;03m02s
2425;Sep;12;Tm;2.3S;77.5W;169;04m47s
2426;Mar;9;A;44.7S;32.5W;374;07m38s
2426;Sep;2;T;43.8N;51.6E;291;05m14s
2427;Feb;26;P;71.7S;79.3E;;
2427;Jul;24;P;69.1S;93.7W;;
2427;Aug;23;P;71.1N;79.4W;;
2428;Jan;17;A;40.5N;119.1E;96;01m13s
2428;Jul;13;A;8.3S;163.9E;123;03m50s
2429;Jan;5;T;13.0S;74.9W;137;03m56s
2429;Jul;2;A;38.6N;139.6E;200;06m01s
2429;Dec;26;T;53.7S;44.9E;155;02m57s
2430;Jun;21;P;66.0N;48.0W;;
2430;Dec;15;P;65.5S;44.0E;;
2431;May;12;T;44.8S;170.4E;267;02m27s
2431;Nov;5;A;49.5N;24.5E;902;07m15s
2432;Apr;30;T;5.8N;91.0W;229;05m56s
2432;Oct;24;A;0.8N;2.1E;255;08m01s
2433;Apr;20;T;40.8N;0.9E;177;03m21s
2433;Oct;13;A;33.4S;64.2W;104;02m23s
2434;Mar;11;P;61.1S;145.6E;;
2434;Apr;9;P;61.4N;91.7E;;
2434;Sep;3;P;61.5N;32.2E;;
2434;Oct;3;P;61.1S;58.6E;;
2435;Feb;28;A;55.4S;75.0E;599;07m05s
2435;Aug;24;T;48.2N;62.2E;304;04m35s
2436;Feb;17;A;20.2S;41.1E;243;07m12s
2436;Aug;13;Tm;11.8N;162.8E;122;03m21s
2437;Feb;5;A;14.9N;52.5W;79;01m58s
2437;Aug;2;A;37.4S;2.8W;175;02m33s
2437;Dec;27;P;65.5S;98.1E;;
2438;Jan;26;P;63.0N;90.1E;;
2438;Jun;22;P;65.8N;8.2E;;
2438;Dec;17;T;81.7S;84.3E;168;01m30s
2439;Jun;12;A;48.2N;165.1E;82;01m59s
2439;Dec;6;A;33.0S;120.5W;56;01m36s
2440;May;31;T;1.0N;21.0E;121;03m33s
2440;Nov;25;A;12.2N;164.9E;290;08m52s
2441;Apr;21;P;71.0N;136.4E;;
2441;May;21;P;68.8S;167.3E;;
2441;Nov;14;P;69.6N;166.3W;;
2442;Apr;11;T;58.7N;6.2E;142;01m45s
2442;Oct;4;A;67.2S;54.7W;166;01m08s
2443;Mar;31;A;9.3N;123.1W;95;03m02s
2443;Sep;24;T;9.6S;164.1E;169;04m39s
2444;Mar;19;A;38.3S;149.1W;351;07m53s
2444;Sep;12;T;35.7N;67.9W;268;05m24s
2445;Mar;8;P;72.1S;50.9W;;
2445;Aug;4;P;70.0S;147.3E;;
2445;Sep;2;P;71.7N;154.9E;;
2446;Jan;27;A;42.7N;13.9W;72;00m53s
2446;Jul;24;A;16.0S;61.9E;149;04m13s
2447;Jan;17;T;11.1S;152.9E;141;04m03s
2447;Jul;13;A;32.2N;45.1E;194;06m18s
2448;Jan;6;T;52.6S;82.0W;147;02m51s
2448;Jul;1;A;87.6N;135.3W;389;02m26s
2448;Dec;26;P;66.5S;94.2W;;
2449;May;22;T;54.4S;59.1E;567;02m24s
2449;Nov;15;An;54.9N;89.1W;-;07m35s
2450;May;12;T;5.6N;151.7E;241;06m19s
2450;Nov;4;A;0.5S;109.9W;264;08m30s
2451;May;1;T;42.1N;114.3W;175;03m28s
2451;Oct;24;A;35.3S;178.3W;101;02m21s
2452;Mar;21;Pe;61.1S;20.1E;;
2452;Apr;20;P;61.8N;31.5W;;
2452;Sep;14;P;61.3N;92.5W;;
2452;Oct;13;P;61.3S;69.3W;;
2453;Mar;10;A;53.6S;39.1W;647;07m04s
2453;Sep;3;T;48.0N;49.1W;312;04m15s
2454;Feb;27;A;17.0S;77.3W;228;06m40s
2454;Aug;24;T;11.9N;54.3E;105;02m50s
2455;Feb;16;A;17.1N;179.6W;59;01m25s
2455;Aug;13;A;32.3S;104.2W;158;02m52s
2456;Jan;8;P;64.5S;44.5W;;
2456;Feb;6;P;62.3N;50.1W;;
2456;Jul;3;P;64.9N;98.1W;;
2456;Dec;27;T;79.8S;22.0W;151;01m19s
2457;Jun;22;A;53.2N;67.4E;71;01m32s
2457;Dec;17;A;34.4S;116.2E;73;02m04s
2458;Jun;11;T;6.3N;90.0W;136;04m04s
2458;Dec;6;A;9.5N;44.7E;303;09m34s
2459;May;3;Pe;70.3N;4.3E;;
2459;Jun;1;T-;67.8S;41.3E;-;-
2459;Nov;25;P;68.6N;66.5E;;
2460;Apr;21;T;66.8N;119.8W;154;01m34s
2460;Oct;14;A;73.9S;156.1E;328;01m09s
2461;Apr;11;A;15.8N;120.8E;97;03m02s
2461;Oct;4;T;16.5S;43.7E;168;04m30s
2462;Mar;31;A;31.7S;96.3E;327;08m07s
2462;Sep;24;T;28.1N;171.4E;249;05m28s
2463;Mar;20;P;72.3S;179.5W;;
2463;Aug;15;P;70.8S;27.4E;;
2463;Sep;13;P;72.0N;27.6E;;
2464;Feb;7;A;45.7N;146.4W;44;00m31s
2464;Aug;3;A;24.5S;41.3W;184;04m32s
2465;Jan;27;T;8.3S;20.8E;147;04m11s
2465;Jul;23;A;25.0N;50.6W;191;06m35s
2466;Jan;17;T;50.4S;150.3E;142;02m48s
2466;Jul;12;A;79.5N;65.8W;221;02m18s
2467;Jan;6;P;67.6S;126.4E;;
2467;Jun;2;P;64.5S;50.8W;;
2467;Nov;27;A+;63.7N;158.3E;-;-
2468;May;22;T;4.2N;36.0E;252;06m41s
2468;Nov;15;A;1.5S;135.7E;273;08m59s
2469;May;12;T;42.6N;132.9E;172;03m36s
2469;Nov;4;A;37.5S;65.7E;97;02m19s
2470;May;1;P;62.3N;152.9W;;
2470;Sep;25;Pe;61.3N;141.4E;;
2470;Oct;24;P;61.7S;160.9E;;
2471;Mar;22;A;52.9S;151.3W;738;07m00s
2471;Sep;15;T;48.0N;162.2W;323;03m54s
2472;Mar;10;A;13.9S;165.6E;212;06m08s
2472;Sep;3;T;11.3N;55.4W;87;02m19s
2473;Feb;27;A;19.6N;54.6E;37;00m53s
2473;Aug;24;A;29.3S;153.6E;156;03m12s
2474;Jan;18;P;63.6S;173.5E;;
2474;Feb;16;P;61.7N;171.0E;;
2474;Jul;14;P;64.0N;155.9E;;
2474;Aug;13;Pb;62.1S;85.2E;;
2475;Jan;8;T;76.2S;141.8W;136;01m10s
2475;Jul;3;A;57.3N;27.7W;62;01m11s
2475;Dec;28;A;34.7S;7.6W;87;02m27s
2476;Jun;22;T;11.1N;160.4E;149;04m25s
2476;Dec;16;A;7.7N;76.3W;314;10m04s
2477;Jun;11;T;47.8S;80.8W;642;04m53s
2477;Dec;5;P;67.5N;62.0W;;
2478;May;3;T;75.7N;107.7E;176;01m20s
2478;Oct;26;P;71.0S;13.3W;;
2479;Apr;22;A;22.5N;7.5E;98;03m01s
2479;Oct;15;T;23.0S;78.3W;166;04m18s
2480;Apr;10;A;24.8S;16.0W;303;08m18s
2480;Oct;4;T;21.1N;49.2E;231;05m26s
2481;Mar;30;P;72.1S;53.5E;;
2481;Aug;25;P;71.4S;93.5W;;
2481;Sep;24;P;72.1N;101.0W;;
2482;Feb;18;A;49.3N;81.2E;14;00m09s
2482;Aug;14;A;33.7S;145.8W;234;04m45s
2483;Feb;7;T;4.8S;111.2W;155;04m20s
2483;Aug;3;A;17.4N;147.7W;192;06m50s
2484;Jan;28;T;47.2S;21.5E;138;02m48s
2484;Jul;23;A;68.9N;166.0W;156;02m10s
2485;Jan;17;P;68.6S;13.0W;;
2485;Jun;13;P;65.4S;172.3W;;
2485;Jul;12;Pb;68.0N;145.3W;;
2485;Dec;7;A+;64.7N;31.2E;-;-
2486;Jun;2;T;1.8N;78.7W;263;06m59s
2486;Nov;26;A;2.1S;19.2E;280;09m26s
2487;May;23;T;42.1N;22.6E;168;03m43s
2487;Nov;15;A;39.5S;52.3W;94;02m16s
2488;May;11;P;62.9N;88.3E;;
2488;Nov;4;P;62.3S;28.4E;;
2489;Apr;1;A;54.4S;101.3E;997;06m50s
2489;Sep;25;T;48.6N;82.9E;341;03m32s
2490;Mar;21;A;11.1S;50.0E;195;05m36s
2490;Sep;14;T;10.3N;166.2W;67;01m47s
2491;Mar;10;A;22.2N;69.6W;14;00m20s
2491;Sep;4;A;27.7S;50.9E;161;03m34s
2492;Jan;29;P;62.9S;31.6E;;
2492;Feb;28;P;61.4N;33.1E;;
2492;Jul;24;P;63.2N;49.8E;;
2492;Aug;23;P;61.6S;21.8W;;
2493;Jan;18;T;72.2S;90.8E;123;01m02s
2493;Jul;13;A;60.3N;121.4W;55;00m56s
2494;Jan;7;A;33.7S;132.0W;100;02m46s
2494;Jul;3;T;15.0N;51.7E;160;04m40s
2494;Dec;28;A;6.9N;161.8E;323;10m22s
2495;Jun;23;T;37.2S;162.6E;464;05m39s
2495;Dec;17;P;66.4N;168.8E;;
2496;May;13;T;81.0N;70.4W;243;01m02s
2496;Nov;5;P;70.2S;146.4W;;
2497;May;2;A;29.2N;103.2W;100;02m59s
2497;Oct;26;T;29.1S;158.5E;164;04m06s
2498;Apr;21;A;17.9S;125.9W;280;08m26s
2498;Oct;15;T;14.6N;74.5W;215;05m21s
2499;Apr;10;P;71.8S;70.8W;;
2499;Sep;5;Pe;71.9S;144.2E;;
2499;Oct;5;P;71.9N;128.6E;;
2500;Mar;1;H;53.9N;50.7W;21;00m12s
2500;Aug;26;A;43.8S;106.9E;313;04m53s
